input_str,label
CD:tbmb17ovd0yn-tbbt9svd219r3j.bm47iqaf74_rts1p_,0
AB:eugr7bxq0-csjp3zgoli7wt15_egf.xat4q19ovqbr1cd8z,1
AB:998egwzr.okc4hqvjff1ac4ezwa8f975hssdpyv5fet7cu.w,0
CD:oikcq74b0_px73ex48z3gxl4qbcd8fzops59lumm_tp701_x,0
TX:dtnuyjkklum99wnl6uqkqz38f4l0ovm5wg28yi46hztjskwu,0
AB:ceovpc5jt_v6tqk.ytermfe3.bceued2qbzce.2ljix3_nj,0
AB:mi56hy-d2.ksd6irggiejmwxpidd1r2oxovk8t4umty6xo1x1,1
RX:impjljxsa_j1r5pnot29djio.sg7zx56.o3d9d1bd_rl7k,0
RX:mujdcz4-_gv_8j5h1cd5ges32f_ja73uatcfbgf76wkjge,0
CD:xb.flut3v28szu4w6pj_g7ebc.6e9olat3i43rx3f4pf99,1
RX:ss8sqc_89lcspzqxnts_7snh9g.f1kaiuap5rylbuert3b42,0
RX:m12yf3hykibafqh58qw.i.gb24i9g0e05n2os-wv92ymg0,1
SQ:iasmtt2p-l7efi48j9_1tqpwljy_z4_cpqq.noms._piqjj5n,1
RX:7dd2fq8_41fcsbl6091zdgmd.dba9486tkl6cxfs7g4utilpn,0
RX:ntl1p5j.mmjfgdweerfc40w2qez_vw_isbghcb7jhtzp1mfm,1
AB:7h7gjd8nbfttkhhbaonxne4-hf073kpux_h42b-xl.rlaw-,0
RX:_9xjmxrlzbi9jkub-rpq-5k5vqt-4ylxb.izlej.vmvh0dz_,0
SQ:_2glkgq2o3l.0ycge_-c43kg3nt6utsx4ndg5vja954dc,0
SQ:u0h.3nnp3et5ihy43c.iz9t4pzhbran._zq6-7d6xveft.2,1
AB:54yjuqbe_z.15.k7..ot2pblhdfuxde.3mewwdbm339d1,1
CD:l83b9qzkcc-wessovkxv4dgzw7yai1g-7t.auk44hvci0hunp,1
TX:ky81jxaex30w5w-j1jjbcp-keaie1qnrfzeo.oukz7fphz_jt,1
ID:jqg463uhellg3s3crlih76-ksrf4zo.vzfkojd7umpc-e9jj,0
AB:a-m0vwahel3j5wy0-wnoy8m7n3utqv0e8j7hq.c0.rf2idk9,1
TX:z88d_xdjx3_jskg32_t.58dtiwa1_3vg2.w0h6jbg6hlc,1
AB:fe9hy8l0gc9saou08e3ifei5kuv0-_99.8g.uw-qx4kki2,0
RX:l4sdw5ec2u7vpz15ch85jb7vcvdudkv6bt6f41dfrqyd3r,1
ID:babza5bm35wdh-d4vo43x2.m04tllgvf0vlu3f6lybobqbx,0
SQ:oyd2kfoeq5t.obmgw2vbspjxxrn.44-7uec5_7ju892k2-z,1
SQ:uo3uckgc1ylgw02pgjq1o2uim4d86l.pn337bpi0n0l-9ado,1
TX:u-u9aiej1u6k2fx10nly.lhi-6huw8e255d1rs8eb.jd0tf,1
ID:872-9xt3mpstpv78ah5.be4eex_jos1kl.e2qayio4fcmc,0
CD:4lvips6w3pg2_xtcrnqd_17lup36y4ntpq4b1ef4abh.uhp8d,0
SQ:0c_i-3jncqvreys3zfiuk3bj8aurhls0v8fbjo2c0r1xbow1,1
AB:ha..wg31yy3wo4lvxx20.r8luoo-jmeatmy.hghh45lf-pv,0
AB:1.spe3-br3m_2ui0xoj-f836.68-8ef1xnv7fxn0qk4oopc6,0
RX:5d6835mn_e64pfw47k976g3a0ux9p.e.phdhx66a_oczdyc2c,1
CD:u8-zyboyk8rxpc_823qffa53tysobg1x3kpuuchhj_-m1g,1
ID:s_sh.90dgoiq6.msv.ohr8vlx2gwb7lb5qlcr06pu_92tu9c,0
RX:8w6dhu-gv2t2xjq68v87g0mbi3-a4w2q0.r1p_jp4f4oa,0
CD:6hymg.0zan._0pfcz_cwmprxbx4kqxlvag8bmbx2zv.x0,1
TX:8n2tyzlrvr591rng8pph3zbyk4-cy-tuofy9t2g6mwt34u,0
CD:hyjckb8o.oy0wbekv4noj_pxhn5lyyfuwkp77h-__ngd0mun,1
TX:p-g_i1nx0d7_e1obzu--vamt06ihye0tw_essbu1wkb6il,1
RX:e6higyiq2-d5rmay-f75l4d4gou.1uvx63aojuv3p8_v94q,1
AB:q3vk7f1t.8ky2qo746ltlxed1.a_abglyw8cjz6.emmimsuyq,0
TX:l7uow.tt7.iryr-zfaou2goi-u5gv52hchf6aldoadjkg,1
ID:u3p1zghnsk-vkfgwbfd572ozjdc72-zgrir1iwwh6bhg-9i,1
ID:25zwyjvjgz1jw8hvmqtz28i5l_wkj54x2hr67rhgccj9su,1
SQ:t8mwv9jf53d4p47vg8kvx_8utwni21ouhypc63.3hkl9z,1
RX:c6gi297afw42wnalsz2hxhaqsixd-fbffie01rszcx3de,1
SQ:9bybfn2urj_3ilhoiagzzluf4gdavpu97wmfxoa6h7.no,0
SQ:1wn4w64irfh_vvp3f7kc2gfscexsvkgyr2dqxqf7u_em-,0
SQ:17bcao9-w3rq4yox4nl6_j6f5sabce4ei52qirk_tqbad,1
ID:fb2-1shbrjsidb7oukl5g1awhuunqqjbeah08hp69rjrp6dw,0
CD:7ackqd-yacerss9b3kj3v6v111wm01mgjxbwzxt94utics,1
RX:ovlqodilbskjgmh2-0xw9.ra19gq.zbsu5vgdcgzb5yd_,0
TX:03wx84rfe.-2uy-_t57-_8lf3r8nu_wrtrag5kbssd66od,1
CD:0_tt5kg0vts3w._sykwie9dweqtvjt05vi2n4r550plbx,1
AB:ov2_qktfrfnpg_wjykva--4kp1ibr.pf.uxca6dc.e8.jz.,0
CD:pjspahj9mtp419o-3tkyqz81k4q6s28_cu1xwvbv9ap6fk,1
RX:u.46y9y_vyu5j.pyr_om8dnkmzex20c0so1o1ncd0c6u45i,1
RX:.zdwmxoaazw5l-jb9.0k97xqqmqg5_m7trubr-3-htxqj4,1
RX:47hq1cpnxic10ghgl-5q81sp3xpeg1do-t-uupc3.asup1.e,0
AB:x_r4a5r.pkg5c29cui3sinwp3bv-yokumev3t8o3-b0qlo,1
CD:fh8e_g1r4x2.0y5dr43jlz2tb7vogcs1zc7xpjbmybx4i2t,0
AB:8milb91yec8rtucq.kj0okcu580syr4ezz92mzeu-tjvpyw,0
ID:l.s16e60jj57.v-1gfhviruj4fezvb9g8ig7_1vifbehgacur,1
ID:9ty0v5spadlo5l9jv_zzdtbsq37zhm7w64bh4a6pho5_-,1
ID:m9bq8pkc9po7118_.armp59kybxovhqhvo2wpprajqv9ws.z,1
ID:ooxhrdro1jadq1.r-uv8old73.w__4ot-esld3tphcv5zfd1p,0
TX:gf_nwr589k2kf6nls6m4e6f6o61a2cp_9p-rif7sggvm24ad,0
CD:krd.c_v_4ac4_z3ceoags5.zmq3bo_7r6fbs5x0as96z8w,1
CD:ml5fwsxw7qfk-3q2-4ufs55d92ckbnvxihsl-42ru8j7fupkv,0
RX:hv..8_tv-mi95y7pfbnrrkboynopih6xvm3et12zx8ddd4_d,0
TX:51rp0gypy9m9k_0.80h949n-a731bmn7_9n50wr8nrb6dr,0
RX:xbn20z9z6b.l0il2h8ekebibx-lclxdiz8ygvn390nbpbp,1
AB:aaw_9vcprk48.t1e8ih7l1.7apr37nagnat.mfplrjwyzw4ii,1
ID:a4wz86bjy-vqja8eor4ya8n.9n8v4vmwhg24mpj6q5ga1,1
TX:udssaxardng1vhq-d52gn94u920wq4tiovdwm30s1dvbb.n,0
AB:317c.xg9sgtm87z.f2sagile_.f_cdk.z2_73c--w11022ey,0
CD:1if1t7e8j1b4fdnbjh06n4j6rn9dufcagxq802sox7g3ue4,1
CD:vkypfd7_qacp8-q-p-8bjpfw5ocw44lb-phl41wnlxgh7p,1
ID:lfiqf6nz1kf07y-ut.-y2_fjm6dx0khnjf-._-hocuikh,0
ID:d67upo2os29vkmrw85k49y_ojos7p_xt-cikdnou9w__9l,0
SQ:3xm_wp6h7jr.fo1.kp_l.-zwj8_5lmm2cwi4i-0au0e_69f,0
TX:2r9vmi5z2g8trk08teh-7_00qn2f9sfq0phakc6_ynfru,0
TX:zzbaf7gemmz_ebl-0e93uyd.9hhyng4g2xh274n2-n8zijg,1
CD:y8xgl7064infqdnbp9vrtpt-356hbaepn66v8vv-1-t4y9,1
TX:4sm3fi-i0f-9ty3l.n.7w1z07g-po6y.iz9j84s5czuk0tejs,1
AB:-4zmazippc4zi6soc24bmw5_zoq2cw9nqa_d2ximvnhsaf,1
RX:.zc7tfzfchj19yswrb-scq8j5.hrp3rnwuyzqjyiyw91hx,1
TX:h-04yhebec64so.vr9s1aqvpmzqpwx_8d5pn0b7bpn1sb2.,1
SQ:-reyzf1ii1x2gnggqil.7x9yvwnp9qqlmk9_3lkc8xp_w3j17,1
RX:lwkpa361gixtf22iw5z8w_dg-.3rcg73sl7nl1qn5f4balw7o,0
CD:xw6f2nfe2r77uxhwy6-vq59x_kolkmpdivo8lh6g0f7hrh,1
CD:elz1q20z4vbv9-m1f7owb8zz-rlshbimgu4obgv_qnrn89,0
SQ:f.yjffp.i8iijsc00qr_a7fsx3m9ckoc_gjw45gbk94bvr,0
RX:1-zfcor8q6zv2-6syt6qy6_hkpyi8r4sft_hmb-4npu19,0
RX:jhw_4dd.erujn0q9x089rb6lbyife-y1gm83tgftpjirgo,1
SQ:eg00k8o-92avh.lr9atutwmkag7xotnx8h0ty9pyi_xmjh,1
TX:4gnfq8nd5fzw_flc_-3ifm31pqs2gp62z-bonkuzvdhez3bk,0
ID:5d7d64olz81u7vu.la3emvcmlf6a4g_9tys6u4-yk734eq,0
TX:zef_5gha0bgji-kst841esxf3wxxwuzuh2aiqp231cnhgn,1
ID:aymgjuj1_vgq5g43cruq63_7gv88t808h5p3ty8-933grj,1
ID:-hz4hixdvt-nh22cs13_a-spzqyowa9udzk4ysrprte-q,0
CD:lzg0.6fpo-pog7wdmhyx8gmx0yarlf7aks3qx.crysvvxl0jn,1
TX:ct557eslr_npw5eo4ukm4gy58mg6.gfrplxc6guju4a8whzb,1
CD:5vy2k7.vq7a_roaabnp0d84nh9-pdkw6.z8lrc399zug85b,0
TX:8ej9l-fxbsz-v_5olbf4e9xrsmqg_hxmiyzrbtspv0mxxmd6,0
SQ:mtdfmnd17xajehd7_4j4f-tqkz2yv1mmh0g6f7dettxrc9uyo,0
RX:rkioi4l827l66ew1.rk7xbjtbhuq8ch6uxh_ut85vngvhlv,0
CD:chrlmz_2s5tdweqsl7t2rog5wcmipww8yq-nxw40euvswuj,1
ID:1vpu9glk_4l3902wrv868m1nu_26cfrw2x8665lvy9rdam,1
TX:544it8upud2yit37edj.tvk9w8a5z76w66rwof7_wi4d6mt,0
CD:a6mep3ew4dj7ewsf7njqw0mudtelcfirp9_5ui3frin2pjn5,0
CD:nm83-dylzdnpowwn4eoj-xz69shbgx.zpnjgd5k50c8y1,1
TX:u59pk.-b0vf.afqq_tdy0ruwx4_wwbtk397y0agt3kxrkm,1
CD:j6m3r6ekhzqvveeo6k26h_x39tiszot2ilsajjaa9_nty,1
SQ:vpn4-_c77jdbzrfkka1tx1dik.jvcy1m-_fk-b2vfpj_p,0
TX:dtlflk8ziqe6choq0isfp1g_fbx4j8qfwh-wasxbdjn5-b,1
AB:rh4zgdh5w2scpfe5j71kpetwv.c6rlp.fil7_fodpfh9kd,0
TX:l65shyihznd9sds52a-f_6ovebewe-u9d5vp3lxuqsq8.0es.,0
AB:kra3rz..ebl7frbp23_3_hx2ehmivtk_bgi-pkh1acg2t_fa9,0
SQ:aavo43.rxxau3wdjpaw7dw2fj0hr60_wr1ba5nv6d79q.p,0
ID:95-u0jed6-dd8mzvokt3-m-hk7aomjqbm_xjw17qfccf8,0
CD:490ffir9la-pbn8t09s4n-qg_nrady.vf1eeqcgymwl7p8,0
AB:gcqadvurb23g.e2_qnezkuotq3i5893m2-lgfr.7l6aymat2,0
RX:6kn-d.ugmd060hrapq5__4-7kc_88pvt64lsdgciaq_5lw.,0
SQ:mkic283v_fny6x3gk4ap05zde0x4vdfj7qlnwl8tgcuwqa,1
TX:7a75.hg8mzk5h7epm3ua_td28p.hc1er6y9bdk_i9see03ws,1
CD:eyp_3_0y3btdz6y6moaeiriu1a9v06uafs31s_eb0ey.g,0
AB:yos4us6b8ve9hla2v4s-bgk7h3iph-ew4o0onrpspr0cyew._,0
TX:ceplfcsahb_5uk4li3euifvlcaleq5ca7bd9o231.1p4j,1
TX:vdm58ktk.t5wq-mjn39evcrt5fx3tdog7y35siof4q2.4q,1
SQ:bcdrcteokzuzizcdm.u48lcl710oggk30pfrv6.rqfr80f_7,0
SQ:2-pqfxiu26xp0bk9up0g144knau64sw2-m7qkahzmr2t8tn,1
RX:7w7j4k6s73f2h1gzsecso8qetqclyvekvwjo_6-aw5h93.,0
TX:hptdqacs8ai.ph8bnabwiqrjkw77rv4qjvv-bp_kgn25v,0
SQ:2isg3h7gw6izl45c62rz6rgznityyora7q5qtoq7gvz9w6gbh,0
TX:8jbkwbi9nhiagnb595n-e8inm19iptvv1ih4hg7pgqaun3u,0
SQ:643d8c43p9xx-ejthsmog9ox7yw9n.dfpcisjp_7km0t9,1
ID:8faye5iaxz89mfcgenimadi4dylzb7sxykxe1jf-tj5y01ve,0
TX:4sbtow-83w.qd8_gsvlqcuy4ouh2g411spg2ksz4o_7ym,1
AB:pvg7aeh2zyg8lgqwjha7gg9dwgaa1qg1bpa986cwqhslb,0
ID:b3wj3vgg6d-i71qaurzmke0q6srfk11namshqrqfie.84ez4k,0
TX:fhdn9l9hgs8usq9b7ijlybkqcmntr.6tyhlh8lil4dtin45t,1
TX:r3anlu3o3qwkshq1ca-xi8ym2kd2j4x6b4sd0btzqdit9kib2,0
RX:6-nq87f83p_94ol1u53w_fs1we4mbr6va.o3qnb1r9xjbsri5,1
AB:_hhq79z4x4rzqi305bsiql5117tsp2m.ma0lf61czv33v,1
ID:pi63pg_08s_wg66d.5_tvqm8h5sr9aq6xgwgi1u-j80jm0y1,0
TX:4xqbohy5rakxg.j92k451416c2es7ay-kie8u739ezj49z9,0
ID:hrbs_.qlrbbyby77rpuxqg7llu3b7ruz--hzydqa_028pe5,1
SQ:abfayry5.q08ki5ozznu6sag2lzzlzopad_-rjh9wp51jo3a,1
RX:m68mni3j31544kajp169ve8w.jo_pfheqo5xyulcom5-7z,0
CD:bkxpgqyaqcr_wg8o.9_zg9x-vi327pu1rh9qljub_585dh,0
ID:geaaclzzsp62_-lzibl_clauwm96sbxqm0l201lay1fuj6b_.,1
ID:yk9p9w.49.b.ou8dzj_rpduw.f39z47aj_tegichzmpattzc.,1
SQ:q33gb163w2xuhrh257m7lx4tb3u74mc-a6qc3csb9v4ns,0
AB:xdnhjxc4tnvd2d8rk5poxepz6alw851mmv..j_1fdv0wpg,0
AB:o6v0k-3zuapg1d9lrx72nqh_xska9936tt-v.bg.1xxv21,1
ID:d095oduvvn5jzezb.50gai90s-oks14700fyhrcpcynjk8,1
RX:fpj1w9o.fo2lfsvrippm5pbpqab28dykave7wx.c2yffxn03,1
AB:sxjezhpb1qf-n5tlm5.xfm3-klmueav2xnni863pp7x0ftt,1
RX:a-p56mqrl7gq9ah5ctbohar0ydtdqnrcfjcjmrk1-2od51.s,0
CD:rw23_yuq3l2wqpej81tyvp-os4-.175dk75dhaoti7f11i0,0
RX:lb79m35_8ryxhgsj_g27zbjhwj.cyi5ulilzxu8a0mmd60ep9,1
RX:wxcvib1plj0h3.2ffrshc8t--pls_rioj5nmy5fl2bs12ft,0
RX:4ogrfwa_6ab1ht.y4_85_2lrmswe_.1wswvk.4k9tb285al1,0
RX:4rifix8dd2w_uzz9ml_ia1hr2.8fhxu9_l6_gprtt74u9f,1
CD:vsmv7cuod21jzps.x--p3mqrk4p8v-77rh5bvwfdpaqnmrt-m,1
TX:3ntd-jqacun4quf0nqnmg87k4wslf7hu9.a46672r-pby5k,0
CD:qg5mbxubx83i0a4y6ss66ws6nfkipkambh3o0lt.wtyijan63,0
CD:.a1jf875-nu.fux7s6fivrrlroo_zc92.02ht3fx4upu_e,1
SQ:zi-q2ov13gqs_i7r1ohxzz0o.u83stlfoonmyxaqff2isr,0
SQ:i0wb53q681yr0v5.w1c4qmhu.8vybriunctcwo.3yg6ikt,1
AB:agasdjpeey0b72v5d_zvz74d35b6ap17x8bwi4wfv8i9t_,1
AB:99jmqmtqu2i.n0asjdg59imnb6m0bedsx8ik6km.uecc8-z,0
SQ:.47hurm354x3wr8yu8fyl4kqlqs5a3j42qlaq_xs3tiewt,1
AB:90zjt-4ibwdv9zz.igd72cn2uw5asilosjge2wvz9s2_xq,1
TX:aggudwc6l.i360p81jv15l2f57ulyjh_5q7n_b2w1hvho,1
AB:3.q-a.39k59f7e0.kwb9irqiqn2d7xmykpkbgj7clpo8f,1
ID:vj3ocw32z8yn3ysr7kdxb_-9vag5n2.64kl08pfuuwl3-,0
TX:k21oswhne1wus6if0lwlrzqucuocd1sjmwm_jquge5svvdx,1
TX:qf36pv6fqwh_2ok1hpchht8.0n109fldlfpsecmwfd7qj7uf7,1
ID:.j.fzbozdzxbc3jlidigho-5g2j6qleltl5xqaktqk32w,1
RX:3ys96kwyoy6n6d0..p5vct8-ojyc9qes.ipwolr.k3qmji,1
CD:8w83gh93p_fesgrz_-3vik_lvtq0b4pulsyy334dd70td8,0
ID:ba5sosg6aduqsv1vf2we..ph34rhz63.yp1np9hef_7w9apw,0
SQ:z1olryr0q8imxb-en4bp2wkw3dikksz6zh0udbv5k2-7t,0
ID:.9dp.w1zda7z98bu6qqe9.3cyble6ht2mv8.ihq1w0s_x,0
RX:cms784e84d0_5.ls7g_vzle6rym9_c_ir7oo7hcv-byl-zo4.,0
CD:fn8cj9icxqzppjngm3tmcfos5_sv1ku9qxt.x.be.1nr_9,0
TX:4lf.r2rpfzpboaabl.9ei.oz-7k4t4ea-.qvck-3suaph2e,0
SQ:ffggakmgh.xlad2vr5i8dej06_mm4rf3uf64re1z-vb3ub,0
ID:8dl7_jdm34t9_kspr2yvgz0_ip3t9z-0iv40d6y9r_96p,0
TX:v-94xl3vkw26xqy0ofxvacbmrj3o8dmrdizcwvfiakspxy7,1
TX:r67h55u0jfjit3kreemj8xmnr6wbgt5akoc.izynxn_7mu5,1
ID:k9fqh8ydgs-x6bds_ge0x9oi76p.53-eigbu_nhbdwejjo,0
AB:txazhwndf6o1ktuo-m2wy9il42.fj-zs9ucml26r4el3hx99,1
RX:-1nnzz3cbwv6zscz5ygj0py0rp6yhjf0eng7oy2zoitd6xhb,0
TX:4j3w181cfrxy7oi-3uktv5tnc.89fd40bpn1phr4i8cfhk_i,0
TX:0m3x.krlqg5w16apfaqfwmune5cqerqtxjmar4k87cwl7z9h,0
RX:r.0701lntw7feu1caixflv6__4hz81_1kc9t3rppif7.uhe,0
ID:6682utkpj-vh3qrwa4g.vp2y1o7yj988xa.9k1c7fy3dvi,0
ID:emps4u01c8iuty2bjckkcp8n06hyeuimmthya9umke6rk,0
ID:gs9e9uv1sedo_q5.ews6rw1hhqsbmb-uojzcnm1vj-.wx3ggp,0
RX:91nb0vkqvxi54a4ng6g3qvzjco2cm8olej5sh9uws86y3,0
CD:6-4s9-e8tff2z9h4crdc61kh0t8-nz70rs3649_0wso1q4prl,1
SQ:h4axog6kf00o4y-h6w3jyaa1sjbetye9m3dc19qbbpv1069x7,0
TX:ltitdhlpw5o-1_.pl65ai_-15po4fpm7xg20lbb80fvzdz,1
TX:da3k6te-hcz2.mqzix385dc2wuxjvu25m6-gz_n-cv_3y,0
CD:i_1yqd4puzt5ffyun.3lr1kran1c6.bnvi4j7q_xylfv.3fqj,1
CD:b2pss7ts7eu5i_quzndz84g_ggqqu0a1hzdp5gvy01-alw5,0
TX:nssq.6oa69o2abc1_er84mvhc6x-np5urz6mqcz4axkxyu,1
RX:nsbjafhe2fyct6bkw-pzn.g7pievo8a-yafkgp1f1wos4y.1m,0
TX:pzx909j2vtizjoj2kz8.zq_uz8t4v7z_z_y76i.6ujbzros,1
SQ:4z4xi6jj.qxnun34mc.bgks2ark933w1r9tf-my90-avbq,1
TX:ebf1a.ahvmn8fsk00jit73h52dfzwk7phrkv6oh0eboih1nl-,1
ID:56ywmdz_nn3irb3fh6qhrp.fdms-2333kd3bke.zpaycwd6j,0
AB:nc3_mbmyxf691qi5_-i46uv-mn_zzco5po7fg2ejs3rsxc2la,1
SQ:8u1zj8o9dbzg.sezmp0e0se9-59igeq0dctiygxjwcmir4e,0
SQ:w0trl726d7ckb5gfz2uvvbi_y8gmp3bzba44k0rnyu2jqtb,0
CD:fgb3djodmfduvojbvh280u2yi6jw0d_sjoa3xlssbafk14-9r,1
TX:v7bzuxeiao38wdkzo_qsynpehqdr2500t37jne23o4v_ot,1
SQ:v7sl.gf0_3loclpothil0cr40g0olix.2i_kbjmvwx9_i,0
ID:ki09i20dn.3f-.xzg_oxkbko_fdvgukehde14_z7s0u26,1
RX:8wrxm_ftevpnqudyz.8adi577m7dp6gr-6rg7qqlqtvcw8u0x,0
AB:.gb3zac.n51ei.h95js7mw3b06j0x3o4tnq-709v6f7.iyfm,1
RX:5cx2m8c2._jtqh_5.1pb1pwkk62vmdp4xa4spzn-bw1l8,1
CD:k2v3xges4hz3dpc8iyhqb1ez1.1hfgg7k0u425c0j2qma8,0
TX:kl-8k00gk53axrn8d0uz.qkxwethv18sm6f6.0yt6pc94bh,1
AB:k3xgygs1qz.x4wjudj6yv3xayi4ez7lo0thphlux-ksd-ur,1
AB:q55gjvoyfmakn6wn-7y_5.x8967jq98qmmd7pbr5ua35n,0
AB:-ikl2z0uqrvwrpe17a77wdkrdb35k-1_ep6q2anvt_0ozk80h,0
AB:8.wm8.k3anp7w_smf1995qs1w95e-6m.0jm1t338l.cq3ul,0
AB:70hti2d47fvon-xi3zto99tnos8pqchqj0ixp4o2jec-ho0d,0
SQ:68l7r8gqfjpu1t9v8tt4-7x0z_61fnh3487-4ssvkkf-ssdx,1
TX:dmsi4cw4zb725ontjlkj.5zqj-97fq.y90a-kb.2c25w3o,1
ID:x3txpmdv0mi-4kqmlr_t3psa22q076vfx21onxouykgjj,0
CD:hqlaksjuggjnidpbsrjv6j2tgr76amke_309itz6.u317q_7s,0
ID:-9c0anok_qm5n-_4ogevm85cwl84cg..m56-er3gu_diu-,0
CD:32.-ckpk1.g9exos6.762dcmshdd2djmzo7-mbclard18y8px,1
TX:r21j5m8ev-xdpx9kfq0_95a-93.oya8872ygj5euqte0yt_,1
CD:46wofuyt513awf5y_yt3vr1gb-z9kntf5v_fnlh1b0t_z1,0
RX:aolb46kqnlsr51xn2a7y-wmp0hdpyn5ivu_r8n19x6cp-qe_6,0
ID:57vak6k39dwatie2j.w.mjg2lc1ervbolejnd2sy5mizp,0
TX:73py3q5ozxg4_uh8ugua3ugob9uq206spta-k5i-2w6sfjyds,1
AB:y_1turk-cy-p8_qme3eytkixnm34q8xrxj29b-nth6phb3m,1
SQ:9fu34i4xspby3q1-58-k4hla6ni3o8p.s_mk8nw8b8sk3.,0
SQ:bmi_7lwe016nry05ob.8--27zzv70r8vdghk_ostlprx666d,0
AB:csof0kdl4n0qkvu0j4nwkrn4wbam2k4i6i3uzd75gfaw37cp-,0
ID:nosebbemjril-jc8kufno-njik-ympmzsymjfoov60w-n3l,1
AB:dpb494ky4qj2z-laadpx.yd2tx251-enmnb1tl1peaxpary,0
ID:rbowzwtqx_m0p1e5w4z4_qpj.4sj851xbceui4-inehak,0
RX:9mtmxq79m12q38-k-h3-0z90ioy6vf6u-n_0j25_15ft3p_e5,0
SQ:cyg75detzw.657p3m-yk91h0mlcu50z31dortancvzv0i6,1
TX:4u97_k0g_kuhm.9erv9aas49ss2aqzq-jsfxaqs6yhdfkuuvz,0
RX:5ii6g6z5kqlwdb10i0p95w-23zif5.1x0ec7vdpvwsakemjxy,1
TX:-pagq23vtoka7_j4ojtl0ydpr8mdm9oi0nbgdb5d9jdmuy,1
AB:ai57rtt71hnt98lf91adpvjyvmjpk3r6r7qcpim-6_5ry66ys,0
SQ:ik432r9.8k7eav87w1.2iednanlsr4w_52ls6eb-wp8o0,1
TX:rt4fpwln_03wxk0unq6oxx9-1pifpvb3rrrxs3hw6fish33r,0
RX:3.evqh4p-zghj04cfy_jo4586-o.ki9pnfnup4xdtj1b4,1
AB:8vls_jew354jo-9uajr3lfmbv-qu-vbhixfe89b9y1mpqix,0
RX:w4g8t61jgmopwe9wmeahhvaam1gtnd_fg13d8ookpuyz1c8pf,1
CD:24np0rk6i2cu3lv_ha-tt90iuzq57n.ffskzn1yrdbeqx7s,0
AB:fcfevv2eifw66w73wtxeu_995d65zdx-9s6r1e4mhvsjq,1
TX:xuv1gz--92j_q4s8khlynl8ug.osnp1l87z6xw3i_zyes7,0
CD:blxqniqlgo41fox9i4jxd-9ycdmse13hhmct7q-aack95,0
AB:u2rlgvj433y09ss_.jx4g3gl2jmbhxab-clrc6mftj2mk_1,1
CD:jptf1cq-5kwyljwwk720740gs1nh66diaskj90b.qdglsj,1
CD:5gjnmcbjfdb1onut5-k.cf850_pcxg57fj5bsuw66289n2,1
TX:_-y8e07mte_qi-yfkj6q3f708z81jf8aqcbfmvp50qr8l01q9,0
ID:edl3272xsutdxb58zpjupt12d5nqx.yzo.3ugsua-1gayv0_l,0
RX:iqau21bubpr83w.oznlvq8ksw_ouqo7ntdqnb056il_dby,1
AB:_abn6nm4jss4aho0sxgqov0aekc--lmz.l.t3bv96wtyjt,0
RX:dih4lu4cbdigl_.t-krw-q.qptthdxofg4ycgjf8lo2r7-h,0
AB:vbk97g78acpbvehwtv4sxwohdfpmv57lgf5kvjvp2jrslb_,0
ID:1ooweke30poar4dt6edw5em_-0flsv0icbkkhce_.vea.91jm,0
AB:0mrtqwkb.pdztuchk53pme3rzskc2bi.rkyx-rxix1p-xd5p,1
ID:6ag3rjczbt_j0bbupmpdmpplcr-px8oywukjcazpe.9rs,0
RX:-3iswmhh.bue8rw36.ka9kl_5nxrijzlwp1n_i.s052o983m,0
CD:pn21-xzrer-731gt1f94566omz6fs5vzkd_jw48sxrbaozsi,1
AB:e8efa1wx_oklix1rdl.zoa8xjzs6dvp-wfmx7ca_pcbd-503,0
RX:ccwhkj4yufdjb2tzh7zowb0-957sh_ckke0_syyq9omqxec,0
ID:q3u.6eoyy16gq30rjtmyxqsk6f4z12z.f9f8559g8jwxym,0
TX:hx3k0k-53q1vt88c4ibkxumtdn1xz1491gssxgndf1kpjg,1
CD:-pafmluaynywt42-5h6.7mnwzf2kdc0.-riufn-sqeov2g,0
ID:vo-b_1wgjyfs-6ge80uhgr1.3lnhsay6vfs6c0gxq8ymg,1
TX:d1aoduy031f8ibiarfmfzj1hkf5k.mheqw7v7eqpe64x6s0,0
SQ:7jkj_pqksbvl2vd2dpf_6gafdnmax5x.q24e61o11f4vbt,0
CD:rlnkc11tp_30xbeemgmtqhrvupi.kw-a9n98t1xevc866fx8,1
CD:3zo8b2npmtx7ehrxvalmqf8m7e.aw8nus_5en_gehou4c9h,1
CD:3ftwuyi09k9232w3s86ee9mpb47i03808foz_7tte4kjwpj1,0
RX:jwy.7_zlks9z7me-rw63fy_lj36.ep_2jw9ixmy1wc51w,1
AB:7r39tq.vou.ilb61cr056sp807maytupgh1tljhwxfv0bhd,0
TX:hrm0meygxcfektl4mbjno1.b.bqscqm_4v55egvjzdys246m,1
ID:9gf.zzyolq1jako5nmep1qttv5m4jfp.wxk6bu16poz5f-8v,0
SQ:cr-0prxq_s9cnebi7jxrx89o2vhj0j27cxwozfanadgq79,0
AB:js3h4mym2urgvfpf1u12-.g.v9k1owf8taw56z8-r1k5no,0
AB:sjt9kr51kms4cqfxtr9vgu5f5fp213krahtz_bp1vah0-pls,1
SQ:su983.f0jo0dpawdy0vua1s040s9obse-slli.w2xrf9q,0
ID:d_wa0bevo2abnls0_i0gd.g9s94sz0z7nixm7.3j3no0y20,0
TX:dln2rb40o9.j_.3745pw4xoe0o96mtd5lz5uxptkwbc-5,1
TX:20rkbyvik3m-2e9d-9u57-j08x02x5cnwezcz2hk_u8bgz,1
SQ:n-t_a7l66u8s472fc3k-j2klagjre290.8dqrtu5nf6hr_q,1
AB:u_mkt83-ja9_f_..q8amxhrzc1iojxe66u4sj20p9covp11j8,1
CD:qxu7-db1r_jc6-g8z3tuygl8nhc5fcvavh9v59qm8n7mp,0
RX:m6d_g70gf_9uvqb_6xp9x3gtg1ul8mbdi05v7r43g39iqor,1
RX:_3vf_14hfsobja.sv6rd2pziiyn73-1snqhz77rz3cmnnw,0
SQ:4iy6gn_r9mgj3-mn9u21iwr9rbeq-u-owy7pzjp48oa-k,1
RX:3i1yc0lxns0bzqg0km60kgktavmcf2i-wbe2td3finvc8v.b,0
TX:5ik5mrfzttr._oqys90l-nnw.an8jyf1deu8-lcingm2z,1
ID:_84zt4czdcyhl9t1mch4zspykhu4f-h20j2dg.8l2gh4jz,0
TX:d5dvb2znwwcb_s9d5z9mpd9d-e522j51shx0qgsvdtlf3f4y8,0
ID:.bl7vguxvz1w0loh6ewxucim-21d-jq7pcl_8.9d7ivvy84sb,0
SQ:24a8j-kobtju4n6tn1n7ri63ip6z-tcz733m83.--3wo4,0
RX:7anxpx6p0j1.j0ct2m54w7czvhhl65p84l8vuh8gsxawhu89,0
AB:_2n.eyewqaim74jtvi1h86h-ub1qruq9kqs1dj3fpem8wsb,1
AB:lue4jdrv1118cvel978cug3amnyonk2tjtj746jr.5h80ym,1
TX:04bjadxq.f4--ow900z2335puuz8_m0r.wk4xd09beh5473_j,1
TX:h3ssaq5_mzn1lh-jxpwl6.3s1-6fnt-e-2._7zrkrzl3wj051,0
RX:k2x200bdav_e1lzr-2j784_lk17g1y8j14488higusopt.,0
ID:9qmkr1dduf2.67--0uxc2a2e.elpj1dewtcwol2l9i24uv,1
SQ:t2sl0-tasvefjnddz46vggs-cpp2fq96viw.rpp6u.3aa0,1
CD:x.r5t4ut291q5wgt63b-8jtx00tlrp0yn750knmfsok4t,0
AB:ksn75hnffh.p.ii6p-jg_-ia93.r4k32iduffs3oe1h3w.c5,0
CD:_p_hti.funp44jf47i0h3ib51621cvwfi_b2ahj30yu5ikp3,0
TX:z8yasrx5zo_0sqzv8zpo1l20dt14s0qbif6h--quyk-uvy,0
AB:r9s9070dojdt36qnod0bmpq9zp0bzilqdlw0qfw2d2jnm7,1
SQ:en3j0lw.ixx9lhvm3qqzocctbf7af5sh0i2g2zr26g2ltk,0
ID:qp5wbavq223i7gm_r38yhsno_d.54yahdq94zo-el351q-6jt,0
AB:rvc481f_bmr9dhv82rx9vjrjkb5tytp3cjtwx0k5-g_l8n,1
TX:ge50p6tcubmmyoal5iprr2wz8qhen.jw01.vpt_cvyb6euiif,1
ID:dim33bw4s4a.8c757dv9vp95xx4e9y2bned55i_qrt5tsuzx,0
SQ:13_79-7.a91xd-i5chwgfv_4kz_6s0_sovp1japc9_hq.fbic,1
TX:_qtdevbzv90f0zi06_hhn8tt2fqfelzxv01.5681ywpv-ondf,0
RX:ae44_83j356810tdb46kvkwn5a07m9tqf_kpxiyv6wbkxk,1
CD:yayr7z9g70ylppdxnbp7lf.psl18m9f40f5-d3p3vq3muk,1
AB:9.0sbpo636lg86tfd_mk-nn26am66mpcho7nfy98m3hek9ax6,0
CD:ff21adf8kk324k15kb9_si15h6s6xv0l3de_fdt_79utz-5,1
TX:gp.uy550os-477q3luuh3tymlhyhe9-03vm.jovutsakpq,1
AB:fvtm1tdzcsi061poho3ffzb61_k-iye5d9nx7ol1m_ixx,1
ID:0oijkwry6sd334llxt2vnvqcut6sp_.5foxtjr.ie9wb9,0
SQ:gixkb8ar0.288u5vms7jrip7.na0r-f7vg7h0ve6i7q-g,1
SQ:q1ii792ow6wzbpzp8v.dhzk.u2w.d-z.5ngke83s0s1l1_4j,0
CD:qnno.vyo_gyt39i7h0nttrusoi4qi4dkxwi5v-z5g47hx,0
RX:e7bciem-mhh-tgc.xd7up5o5661a6.zwd.su9oxwsjr.wpbh,0
SQ:qigo5wrgko.e6zo0yg8se0my6styh6q5wtpvuyv3b3nxhno-,1
CD:9.qktght6z83np8knr2pkwkrdny2krjmbyj4jtxa203xmi,1
ID:j5nv_4saii2oph2epo.u1k4src5kn2pg.kbe58pu7rwi8_s,1
CD:.4973j7-9h4yknfc-w5c8ayrsu0xeluxrwsu.7adj8rzk_u,0
ID:_9030phs27sqssy9v__xj297wetjxw--d2i9t_rn14aw3y3,1
ID:5kt-u30luk-5iu3sq7z0alkfhcaer7t445j2dtu3tkkkb,1
SQ:a.-byoa1nqyc2g6z9xxyoi-6gj7pkajrzen5650ige7ynd.ma,0
ID:zu131ou5cue1w9c-llr9n3srh5_f6m0j6odgf037rkfn-t,0
TX:z044zd9xj_eq26ml2re5a1lvwe1mbwzl1b9b_q_nn14i7td,0
CD:ffrmr6y_kwhl1euflw5ssbt188xl6w2sk28rf0nq6emwnbgrr,0
TX:eg4ffso5_5_1he9ybn-njln-8oqhe.-zh4_s-3qc5x3l5wbq,0
SQ:dd90v3d2rjpob_0jc0bw-utn0.bo3hde6gglb1021_qtb9z,0
AB:yu_.cuil-rd34qj8852vl1hh3qsf5l7kzh0gt5pr4md1s6lxg,1
RX:zl-ox.w1j5mrmfxafo437_5k-pq.u-e.hf4fzz.zkvf9iisvk,1
SQ:utl8umtckmw09m4zzz4o5tva8n7fp3zkjxiqisoe-n85g,0
SQ:d0qj17fjdwwu0z5pyjm7mvy.961t_9q.htx14fhdp93t-2t,0
SQ:edkr649w3oxnfahyq-5i9thm7ys82ebcxf8fpwl5hrlr-gl,0
SQ:rjdqqpbip9-na3jmnq_80p83f2ea-969_vbwm-4-du7r0hhj5,0
SQ:39a7kkwmd7m58wh71ifg0qun_mea2l7zc1vbmbil42iq3as41,0
CD:7a59e4krryf4a-kc5n1yv0579ywsr6voeorbxt2-4j3ccno6,0
AB:3h1cw.ozbx52bn1y_76.nh6sz7.7akhauzqz2rw5q3.6z45c,1
ID:2bx_i6wckw5csbhf00un600s674d0s1t8dvqz29lbthmxp50.,0
ID:n56-oj_6_z524xnbnq382qsoefe2kr.txo._0_zluoxx3g,0
ID:xcojyeotww-wijbyjvvbzuu24oj6g0cxkvtsehgxzh3ei,0
SQ:wdztn_4wk26o3zm-1ts6dlcellmnt1cmn7f-gyu2hx7rnq,1
SQ:wpo6raumawk4w9ke4cl74xkhkwe-eucvyq8ye-37wo-mu5,0
ID:mt7locd.q68gh6nmqg9-6njp1gzwa6drzip995_6k02bb,0
AB:7dr.npncy22aglencu9nj6u-neihp2au.x9mq3mezdosgcm2l,0
ID:57zelw9keead5-1pwhe7qf966br8fytllyt-polcvs_xjp,1
ID:9mkye9m52vadhu8io6ug-lv_-2f22jgp6y.g.m_-8gurbrpmf,0
AB:t1919l-18t7crn46cjib47a05x7-f55fkqlc3zu0xs63-1jv1,0
CD:ev5thoh0g6vqa82bh8n94juxwcdqwhdhj12n5..asav99wzx4,1
TX:rt1q3j_59nx6v2kg9wnh6hbmclwi0e3_dxtn0.5qpnx_nb,0
SQ:t9fjf7st57-.h-0i6eur885zwi_lr038-e9rmwj78idx-j.9,1
SQ:cq34wk6b5uta1l-109ftl1adbu-cysr4h3kxs9az-kzzj2,1
SQ:eqcba6aalhjo-rlbs.f00xn3.szt5cu38vwtv7rq297iszf,0
AB:d-irygksbowm2pt6z46iev0t.z42by5nsmmhw3vmz2b96x3wr,1
ID:_imqrfcsy3hvkc8oz230k_7r_uxqs-8u5_g12.53bb40ak3,1
ID:.4ler0ua_d8-.vpdq-fq4l_t1vqd5.tsajm41zi3sf6z4wxs,1
CD:ci4k-udsy8txfpwla7e_0ct3lfdknootesx9sak9rh6no0l-4,1
RX:fdzge6kye69ybad2zh4ofc0kzq_z_3ohkf4e6e00y1m2q1,1
TX:i3.m-pezoukx5z-hhhvx6t1-2y8gun_tbtzd0865o469nk1,1
RX:j4kp4jllcqputflq-0ooisi8.nzl5ade8js7j.2xb3c6x.i6,1
ID:rf-o_41lepcfc63.4l0x_kkgvn0jd7xkqk_l181nrterhe1l,0
CD:ei7_kai-pzfps9kbz.k9nodvjdeaaf7f2gsz0nn4_._r_qsk,0
SQ:mk9iy8h41uiq3h6nbfargk8y-1p8zo46itonj-nawhvizwosi,0
RX:79efsh__2uc.g00.x61uq1acfbzs7_ew3khxzmqbjcmy4y2_,0
TX:ryhh5vu478lcng5k__buvtn1snv-an3lby9gjqlprt-e9l0b,0
TX:3mb-kpe8khl779e4918r-r8v8qt6_9_ury-dp5rz.ldrjwu8i,1
ID:-ki6qk0x._kj_vkabyhn56o4gq1w364_i-2sintfpshc7,0
AB:4rtw4ej1h4oav2a895izb-b9k6.6pzeuq_k8x7755btbb,1
RX:dkj8bbkx2z.8lprzy7ot1r8981562jotqulvtcgt8yj2xtg,0
CD:wdghi76u69evar6i-za2_k4q_so6k2s1plqwidd02ozt40r,1
RX:2p7spvet2nywm8_colyuuxt.slkgq0v1qxxu4ju4kc5fq-h,0
SQ:5djhvhw9jad95t0pjunto1nwechx_n1um_-8ht1djnpqy-,0
AB:1w13rjsuf_pbexwe62f7_ls1gh50ufuoe-rqw68b5az_75,0
TX:7276h-rdf45ywy92o652qhbpqi4x.nul2om0dkjzm_xul08c8,1
TX:bka-x2jhcw_w4aka_haysdvjm0_f7sztnkprrsimvesd9p,0
CD:ji43eksbfcczij7ywrs7vx8t85si8w6xxbrexfrxw4m0dlh,0
CD:hg6172mdakjp8plig45qdf0.1ysf9-ptmsby999msc9h3iaw,0
SQ:yfu7zsrmpvegz-zjkqihloz-07u_4n32mstm.c.o46twp1w9,1
RX:a4y3_1rmh62uydvh8m2nswo2rfsqkl_lcysvisgveyhyf80,0
AB:yb10_lpfkrqzxmx9s_zz3p0a-rglqpx0i_50wmut829amw,1
SQ:w4ow7i9fr5tyl6qv11sc0sh0jy8.qen_l2pv.7ptv331-_yg,1
TX:8305z9ouq1qd0k7.iz7vvewhsw5z4h-x4yx5d0g_bpd3hafwo,0
SQ:j6y00lavdshexqh6hna7jzrypw0aaew.3-on-i3_7uki7,1
TX:9m2lye.c1vasuhbjbj.2a7_hywe6go0a77ikcj03hrgf7,0
SQ:erv2g-3gp0d3pteq942qfxhdhpkgr4gbwd0_nya_a4du4,0
ID:r5akmvqtc4trxbaziarklb_jm8d9rrxr_fhb7vjae3chb87,0
AB:xogbmcs1k-52r0kn5rqtphzg-46rzayvdj.uw9d366np5,1
RX:qc7fw2dbfdqm_s_3b8zvj.-ltgrf72c9yzhkvsj1t.-y8hyn,1
SQ:1j8xwpq15mouk0jvm35n1xvvzp4gj-7678_yceqj4e0fo,0
CD:.g8ig7vhiobko5e9zlklfdskwlwsl3dv2hyljeoge.p3zgj,1
SQ:w8.grhi9y8oz5o7cmeo_cu7sw99b-5vk2.btfpl-2u0._m3,0
CD:qq2xeb5xq39x8f7c9x1bnq7kdwd9mf.db93h.g_yq.7-yeg,1
TX:3ylo7y3y53r8g_zlkkkas6g1uq2nou_mx7k.z1i3t3txb,1
RX:wzxu6pqs2doik0eak7w.n528u3yy-qayils9as65ddlpzo6l,0
ID:8fkwcn4ymon5ysr2xbr89_4m8s7v3223mg__36q46cz5477wy,0
TX:v3.mg4pj8-vcciukrckdwdffwm8i1n1h_7ojglcfqgktfpjkp,0
AB:ttruz9.8hitl1xs55bj.20c5ldzjz7chaxhi9v20cw_s._trs,0
TX:3rmnm8i9tx51h42ebohmi6u2f0h_do3c-un4sfjq5qpkeye6,1
RX:re_.-vj.zr88rcwcw69n0g24oyr3gvuu3xd06w-6nd0nw31k6,1
TX:q3f6ak-g8.82oumtacw3xnb8lrb_0it3-9291c0zr9byj1q,0
RX:dzaty53pks6tlgt98733t9ndnc9p_cns1oqq7q.8.wq3p,1
TX:woeq7cin.hkocfppxdf19r2m61psls3txphw_cgykhw6h,1
CD:djj_fkw2athexwtqs0au0ipqfhqnsznrp2gxmc5861i3sa3mu,1
CD:.i4e246dv0f-6v0q61wt.-zvhzzcezg3s5b_yqpp2ystzg-,1
AB:kah0x10x.bion0zeh12e0-mrdyb54jotvrc14ml7lvcn5xtt9,0
TX:ewrqwj2pnqnt.-15p6zz1v58-vvk4h752ms5pp2jv6nn4,0
ID:1x23ufi1-4o_xh5_wlgrqe40p1tb_f0b7iyi_dca9yps.r_hr,1
AB:i8osrdyap7tl7hpsmprxcjxx2n.8zt-2bn-qe7m.fxg6qm.,0
AB:mcadlem43aa90-_ru_kr3jmtjpw5ybxeeu_ocie-nezyz,0
CD:cd9zhnl3wgwchwy2w2i4jvrqs7by66u_86846aix-vul0za,0
SQ:pg3zy851h3jgae_vvei7dsqn6prcf18zvfbi9u.r5kny9j6ia,1
AB:sxzkxzgm3shpwq_1d3mr3n2-l56u.m2z_wbeu_3ee2sjj7cr,1
RX:.zcq7.axh2.7iq1gstqjy39o074wjy8f4rnm8nsu-fhv6hgk,0
ID:oz3pg_tyws2s2h8isivzkvr7huw795g2-d4-_1f3a_.pn0j2,1
TX:ocvgvu9jka8nih9tqh07a.w3-od6t1zdf2ougv9mlylp0u8,0
ID:w7vgxzls8iipj7lbs3-f4ji8mb6l8twyq.jzi.b_c-dq3q,0
TX:omc3umx_-f8n3eamqb24324hpaqaekzh6y928fmcaptvms_7f,0
TX:cg0fiuhkj6r5zasguajz.y36qdvjihe3jwmj5g971l3ga4t0,0
CD:ht70f68ve5qqnbmc2.f3xjxjj-3o2gjpf-vtkb9--6spkxx,0
TX:2aibqjdvz6xbma.3k07znbmv9sgccjkwjece_7ahjp0tk_p0s,0
TX:4xp_riocl8seaearxtg6fu_yaijopfx1srf9qlvczdhscmkz,0
TX:jpkx8u3iiy.jo28puunh568l7dj5t2rm2h7rskwywquxo4,1
RX:_jp4bh0as9p92db7a51t8qy8b7959t4rrc2-wdmsjj3ek7rv1,1
SQ:p51vc-6we73y7t9gw0c8bud10vnosi1krqemw-a6qyjv9,0
CD:la3k4obj7e2m4r.swug2t93lrik.1w2f7e79shqy8.r_t66,0
ID:96m-3fzx51tem1ays_1k-go4be9pptns.r.8w10eq2mq5l.r,0
SQ:tys2sf77rfnjcy.wmmq8eq6os8gz0qa1e11b5pck17sdf40,1
RX:q-lajykyz0qwiig-39szo8j-bmieo5739vlmopmba2z.a-g_,0
RX:u8kd4n0w71wz_mpfpmaohzcd5-8r-cwsuwi6g5k75nz0yt0e_,1
RX:kom_5qnff7494b0d.euewryub6x-jr4lz9z5858ut_j2u,0
AB:vx8mz.beai1a.v218n.1nz2z5xbhejcqqlafyg-lqrqktf0,1
AB:7pgr5y64k92x7p7fjd63o-n173pt7tda.y7l_w3ldkbp81vm4,0
SQ:a..8.vtj9q80w5_ojve307hj8bik5kfyunvtwaxoxgzx5-,1
SQ:jvdgn9ei21.-ysv3-g-_7fudrd-qvo9fp3lr40k.6kjc2h,0
AB:qzqswbqy-ksy31dzcaij27gadvssyni73lfiiyfe8trhr,1
CD:nge5und_km.iouwp3t68g435lm00wvotxrs8w-60gnfyf-mp,1
AB:-q.zu4u3uq13diwyly.w1c1nriy-cyrtwf0t4o6l-_80w1vy,0
ID:vzab2g50xpmmmnjw3b1ry4.atak_ushgg79l.0-q1flu7,1
RX:es2cz7j3jjqorsrj26p6n7miclzrda9c8y7b4dzwb6.p1,1
RX:6kf69de_lipt542inh_7w18mr2oi2svdctuix56k23-c0dxyx,1
ID:4p79n1jw3wcxn8p.cpp1e.ndkrs2-1z76td2o7380sy0jq,0
CD:83xwvrscouw4s.19o3_m1h6sbej46ifth5qgj36los12.ugy,1
CD:x53sz9nxg1ofvv079h4ff41xij-vrxe2h5xpsgum2kkob,0
SQ:ea-.-2bv_spm_na0vzmaa9v0qx5ktdiu4vqhoypm_j5r3pi-w,0
CD:q8tycailvyj.b-elmyjfqy7zqxk-sj-ow3_wxd3s2poxzu,1
AB:30nzoeeyu-k4xp9jwhsssjydikro9c7y_36sox07i25b49m,0
TX:neimob2cilhp72s.hj_943nh8h1xs_60ap5t2epattyyt7f,1
RX:7qb_rw5276qwz.tmna8czkob1xgx-.4bd_x10fnrgljmld,1
RX:ermw6-_rkyv1x7v0.0lt1305o2nyfu7_br1adhbxrcfepjrb,0
AB:_iw54e.2gdssa80w6uubv0t.q_uerhpnq_so_wrj94l5m3y8,1
TX:.lg05uxtcy95ufnt34ybale4dcs-3weoue36dyy-dzakzn,0
TX:nl-vfya8w0_oxmjrn186_9iziilfgo49db2jc3lzhky4y,1
CD:jx42ki91a1827v2tgml0o2bw_itax-8--9e8iylx0vodjkp.,1
SQ:e7ierxrg74_w_4y_tovyzyrsji34dq8g_6k9jdqbk3oqlnz2,0
RX:2l.kz65ei2sbxsqahvhjpmg950a5k0mk3k5qenlmndh5qfdu_,1
ID:6wn_7y47no9tc9zugagcpibzziue4fsrj8er2rqx947w63u,1
TX:wfwkx4htyt.63pt1x89mpqrt3bce148sxnl9vuhdm-_2tepv,0
SQ:qu77iu19zohek88vvdskdm5aoqt6jocp-q.gf7tyf_-e4.,0
CD:d4jbqcubmsxw_afxub.sn7qp_buqdp_0glri.c0r_3wha8g9,1
SQ:pbagzll68ruuugjsu8_f4ifr0-mbl00v-8t8lytpmxrcsy6g,1
SQ:p.6j6oyoa6njtb8tsbw2e4d843.1ahj5oqqabmb80.9ma_gg,1
CD:wdpk3p_jol9-has0e4ls2b3xyovx1a65qr5ygqixd5jhe,0
CD:h_u3sdpmqgw-orrdlbsthft0_7t43g.ms9y9_x1p27d-m-,0
TX:gkg1t.8-rc0hc288kw90pm9mcn2aj8z5_p9rpi8e0ru7z,0
SQ:bjmwn6kbwz7_9lfpc8r5fle7i3g-166j.mlprk3fi6z88ecd,1
ID:i5_5d1xj9qmc3lkh_dq7wmq4zld8s.z_zlq8je0_v7bsq63r,1
ID:v3iae0y-yt6jki.67sqxbzto6ojz6s7b.5ia9empwrz2n,0
CD:4_bn9fck2ptpi8x8lqydnk529y_o2t8xtu2zp5de-6rwx8f,0
SQ:-hptn61i7_8egre-dkgztfmt17h40mfxhrjsezryyfb7mw,1
CD:5a3o02vt51il4trnfuyq09efjezyjiesh_0gk-ku4l2ei6,0
SQ:79v4um15c33wi6es..vrusgi.q_vfzuy5icej_6l1v45vh,1
CD:5vd4r0wplomrt.a99m_u79vdet05w3um5f9ks.3-u2ico4d8,0
CD:b4oq8c81i9dw.21..xnixt26jcty-a_syiq5w88l9ubfdh,1
CD:llv_jo4m3_6wxn8o9ryf5.93bnvzx7m.m9uw347v5_kmm1.3,0
TX:lh-k_y9-9_zq5kvgeptm20b.c87d8nycyacj4-ouabbla1jn,1
AB:4l-5noa.vx7pfrc-u1x2dtg84ogzc0omajna7_ctcqk-s32p,0
CD:b-i61ersgloqjloqo_t9h0dzit47757yk303_x14r1.d7,1
AB:.aazo77jp85g3v6tvzsjpy5qjw_rbj7nv7rq7wlqrq-30deho,1
SQ:nzxeqw67un3rwboz2i8x0.sz74ss6eb56s_fo-adolyb6yy,1
TX:fpyt-k3knn0s__0i60-a9n.9-40g_su14sw08t_v.672zqpj,1
AB:by4q8kg9x6.hocs65qit40jke.wceh0wa6sgxndxnxustisbu,0
CD:m2ai4lg.w13kkvdownxezg7qkj.vv.9k9xddf56v9..xpq,1
TX:gw_6vis808lgtpsslv4cj528sf4.w5pn-mhqyf7zl4t0f-23t,0
CD:u67dgurgtk4oycao84x7-oh3dmizbaad8rdcx5j0r.houdyin,0
AB:iicd82tori85s121.1kh9rqbtjhe_.7rrjx5zd8az_wqc,0
CD:0k.qiok1qpgz7.kn266d61b4-ndmjce_x9-5p6fp451k_3,1
RX:q7kt8omn6gm73p8z0qe2t782g4eev6dc-act4m9bgtv7mbkl9,1
AB:-kfp4av17c5i0z.8qjy.bfc2zef9a.zdzbu9ios0i34p20,1
ID:74mbta07n-1ua99vglorey9sbqfd25g3l7kay5eg-3yuh-s,1
AB:0d0bx550y4x7.vd0g35cidavbn6bcpz12pjc9_y8ymp93,1
SQ:.p5n7_3p.fo.ot_5yg8o5.9pkxv_5697td69ylecbapvu.-j,0
ID:kc1mzq1x7y8ow7jo5lsxb6mvjkatua7qo.a_b958ey_mt,1
SQ:9talsaggmagmhofuc69emjd5vs34aoi73eukundle-_ak_.2,1
TX:qx6i4s1f4v8wrt6hwfo7xobqqbdl5esxldzu5w8plhl-n,0
CD:l2m-.k-vebvmel14_ervsqi.3fag6jiuyjzp3mx1faa4j,1
RX:us5zp2sstqqqbi.hcvu-h8brd5wgsb0ou9faty56qhr_0tz8,1
ID:o8p40u8gwm7ovkm_q40xglzxrxaevuk2y9n2kurw_5k_j,1
TX:v9r2fcdc.0qq2lmy8s0iatv6iu9zn9jeq8utl8n-s-dyr1lg,0
CD:n.kxk2j6tvr2bzypfu69rk9jaerl-fx1tmqymn7fn4pggx.g,1
AB:kqam4eur_jpuijfhu3ufn8qtqv8.cookvvmt_16wqsyapcd6,1
RX:yb5cxb9dbep6xmnm2bd877f2tl305azh1n0w_r_ht-gqp69,0
CD:ry0p975d0jyn-pg..9kmwl0n909cmhtt7d.at18h69v2n,1
AB:_hkcnm--26gi5d_kj9j-f-rkzli1f1nrq9tzl1l7srkypky,0
SQ:zlvar9zcbwvlgtwjoketqt-s4-7hucnovwo7ukk.8nef4l9k1,1
AB:4qzc2xxlmr3zkmas.2eucdcpydzdj3.tis-cc7ry_2y_p,0
RX:p_188hqra3xc2bu.2yr_tzg-hwq6p55lke0w0.9r2wupfx,0
TX:exwg_r56.-omi-czw4czz5moc637oyf554gulxv86038caee,1
AB:9czqd1mit8.i2sw6g7-l6phpuxmd3n03it7bmx2mzjx55x,1
TX:-w-3oy0vaw_63rz6r_zqmzc08gd94_dur.swk6oq9y5205-,1
CD:kkad.por1rqz4_orhfzsl3nqma32jc48q1e1y766-n78i,0
SQ:48gx-1c8qwcwze7s7bppcq7cwkezw7sx0ewlrwy0vkqcfx_,0
AB:0tu1rvttjinpup0.rjt_j8_wr9k5xne.75irfzcmr2-ku,0
RX:mx655yrqmw0g5ie9pj.di86ce21owakrbqlxcn5cd3y9twd,0
CD:g4ucy6q0y6u86md8q2dssfxga8svb23nf.ays1w11g.bcdc47,0
TX:wxgfml_qzdk-nti.cwdf7pi_6.r31suw7gtjzoohkuhjyem7,1
AB:kd-7ey3oo.g_sa3xjs85f.ikjf2w5swq_gahiaqk042b84g8,0
CD:vuh2u3w73aq3yotsiacnf0q3_z-.oadhf_3.ild9l_sno1t0,0
ID:jrxuab5-mtvw2cgf4izx5m0ohz4p5mgmo_fv8ikpjk.w0pic,0
CD:8o9qxzxkc-zuuffo-u2a1sot53jzyoxzzqgy0olfmvvw4a-vu,1
AB:c8adxg-1b4qbz.zl4k5t46g71ttq74i_1c9cltlj4.wt-,1
CD:4gvv-cu3kgd-8egpyrpififte4agjf7uv8uxgqakofr8d8ewi,0
ID:rzhmi7ghzcz-g7zv76mc9kyd15bsftb2o1wvq6h08i-oe,1
RX:f-b6woej8oc2nizbph7_66f.sd6nyqnjb5i.-okidmt1bv,0
SQ:0tb1qjepa6aw39o6t02l7lgdezxfgd.eu_a36esnrn92_p9s,1
TX:p8zz09ylhxqq87v3t-a8k-vs86o0it3dlf-7s0wrli7oo,0
ID:by9.2ns-q9frfjqd-xw_kcukqlb6qrecqgon9hzh2rhhbwlco,0
RX:j.xnvvvrxi72y9b93-gwz.qe54_lkp_skvng9v9c0z._j,0
RX:88wgqauy3ej0f0fj_023nwu-7v7bnuix.b7h-t82v5i9leq,1
RX:x17wz2m68wbns-3n1ar_.8jrqizj4_m5qqm9yvhpgsgki3h7,0
CD:.mpm5e_cjh8pzi-4r5vy3bn2de4gk7qjjzsuc-uklh7servqc,1
RX:_grjv832mk-_4ql9.cdpuxpjyavz8kvbl0s28p9aub0_8ty3,0
TX:_5hugci1b_vi56dv0uh93wh3anza9u2kedlqw2h0p5hj2z8,0
CD:4ecniwotj_dpccjtc23ratm.sq0jta1jdscu0ryxv9w_.48-,0
CD:-dqnxj4x2j-gry5q7dq864g.5pvcwpbd1df8ale.7bv3evlm,0
RX:v.qc_5fr-aq3xzmcjv7boscqvz-q_jj26qd7kisstuv0kn,0
ID:u059hlvwg38okkmh6pyg.5gm-v9932-rq3wa6t5-ltdgx6_t,1
TX:7aq7xx9at2tyidelgsolnb8prosuifca9t3anc8.suy-lbp,0
RX:6p-0cn.rp5glox1ddi3857.mm4k4oh4hah7v5m1-wob1720u,1
AB:beyh._uke5p987x7g2x8x0l_cg4k7m6xx9snp73s_cy_n7.rc,1
ID:ljssosow1hf-kxsswsmr.5bxn09uy09h_uowpke0pkvqt,1
ID:usqwd-e1mb2yx04kkrrok2sqcnrzvkcmdxx_oargv8iq-xe9v,1
RX:sa2new0i5y.p_6_.s4455d.4cpp227qpjiviuj_f5f0xqbjp5,1
RX:r4il-55-zlfzobvbcgujjtu94w6n7mlnuyxbdgid9fl-8emru,1
RX:qq6zgr9-w75i6q6mgdk5r-d71_8694cqciucz8sjhp6iyq,1
RX:3ezc3v2q0qlc8_3y1tx806.n5khy-q6u75zt.d34.l157j3,0
CD:kd7mo88fk30mk1dcyzzey4nxirm4jmkm-xj83v0jawg93en_,1
RX:j8nhbb3y3ihy8f803on_.58lton_vi.ijwlcwn-tnrr94u70w,1
CD:7txua7vv5yw3up40arl7gm3yaigduyru6cw7zbn.9bp898,1
AB:apkustxbl464asywdvy0eh33th0z2yy_8dy.qqs.twnrqf,0
SQ:e083aa2d7idgwb6tc281k-valvzdti7l6jkeo4crztruyceec,0
ID:tky_ubedcnps7qmyrox85iy7mw2ktxd-531wy2_uv7mibamik,0
TX:xvbsbap4nkn54ql1_ifds55yc6ngs-.-07v943k_6yyu0,1
ID:goal8c.049edr1uaud.zrqqjodfqhzea3_uuqq2ll8nxm,1
CD:s.nmroww115i6op9b2-zz2bk28nzcrzcz3y_2yiizttnxc,0
CD:-x10yi5tlp_.5094qv3d22pz4h-wc_yi_kwpmu1_ty9-jtl,1
CD:qpdu3jyllxhpjlsx-g7e0vwvnugfsid_nd0-vs.ia5y.2,1
RX:nh3l6p5_excorj0fvmzbymyn8kmubqmrlizerbujnlg949ol,0
ID:z85mt1np5dzwezl47wz8y6tz_mjv8adrc8.19ptn6x6drkw_,0
ID:zb58u2gy7kdypvlgwsjeqmrfagvpq.baawb773taja_rf-72y,0
SQ:ac.v9q2_h1s_pekn.cwvr60e2yg6x7_zpm3jw1pv4yvzk,1
AB:dx43_o7tr-8zkzz5dqzbm9ti1fpkw0c406xcsmzzhx9x2dm,1
ID:5vyeyunuuswbb7qv4-nva8z.6vzn5d9li3zmmf9fn51oyt1vq,0
ID:nze4of1lz040a-nwb8rf14b_5ssglslp--_umfuby70b0,1
TX:yl4dak4bghm7snj.6.43_7o-onftv_8o2qo.tuzm-sibgn,1
TX:7jrtfkytla50mbzp3sq9z7uxzhz7oymkgueh8zlyx782dae,1
CD:4l5o6v-7uxr.iq4s.iy4p_uitdyd9z5o-m0vh4qm29rwb47h,0
RX:am6lfy53lno3_qmw6yqdburi41jwlgj2kwggou-hn6ddog,1
SQ:m9le6htcisy-f3bo47p6ki0az-3-i2pcpg5zt5md28ky2_7,0
SQ:z09ok3zugc8f2jls8k8__58bpceiakz9foyhct3q4.zionjo,0
SQ:v8x4l4wb81t-669ay2eya0aj8oe5aq6nmxx-bpupx731gghja,1
CD:cebqv6d7ojx35dl26.gpffgq7-ea4y_lf2glajf1adfuxv,0
CD:jcwtd_n3x-e_.hk2uptoc339xrwoo9ahzbcj_of_92ns2qt,0
SQ:wl50w17h2hl_gkgghguiu4h_m2ixbf047l.780.lgngxg5p0,0
CD:i8zbqg-0h-knhn52_j1rzw4d9_ajbykvont.n9fh1haaq8vxl,1
CD:rsyn2dv2-oov4wzf67z3mf05y18ee088nqz.fzr8t4_6-2wl,0
SQ:qk66mh1am72fpc.lcz836sn81hexn6qj9y8o2_3h.g7pwk,1
RX:ryokty7b.2rdbcbf.-uapy_e2s1zajcc-2r10259gbwi1,1
ID:8dcr0k-c5oad2uvbq4r5zkki_mankfrcgnipene9q7sdioh,0
RX:e7-aj1t_ne1ttcfrmbzl53lau2bx0f3ijb09wzw46xd46,0
AB:xtg2y_e4f14hu7lc17kfnylmbpkgj_qxprkcdn-gyf8fk,0
RX:syjprctt8jcxin17i2dnwchjqd1zar.f5mefz8c09qw4.7ak,0
ID:2hz_s9iq4q8i5x-bpp.q4nazzn90ciqyo0xtb.-8_mdwlceic,0
ID:1x3w-rdeye9m8itkaf_rk61-3qma10bhtzh8mrzzfgm1jvb,0
ID:itvrop-74mcmk1.lxfaecv31iv7ejf7t7kd3a0astu5n8pvtp,1
AB:bix3181qzegs6rqakz7b2a7ul5nmfdumv598y970rkhxcbj,1
RX:q4lj27039ozb-cmn4slpiuij1ag_gt_n7l2zm49g3qpauxba_,1
AB:8r01foqv3i5jybz2yajwpu93o_p3u.lu.f14.hv87n_aa85,0
ID:511u_cc1yi-_kmguxzjkdi4vez31fnr9i6bhn0z5rqrma4h3s,1
CD:i7i.chjk.3dqiyr1zt45g1zqvcu103scpk9btjdob2c2g,1
SQ:90_zqeuy-ssmai_sen8rzaezg55zqnw9oogoj0kjlyt.wxonj,1
SQ:07kbkk7n81x.1-cvzp0x6c7tm27uc84uk-4ifw0s1vm8gk,0
TX:5ua1up2y1vyvrh8jztl5envh4unp6pctosd22hl1.9w6pq4eg,1
CD:v2zq8p_cfmwyhkp._qb0d6dkzoxnu0hmft.bylc4jnfl65dc8,0
ID:v6mr4-rbrz.x6ed79ljhpln.7-j122g2bg_1r4xlwx733s,0
CD:5aqzevhck9mo5748yu5-rqq7l029tez_hfqrhfb64k7wf,0
ID:xgr-z4nqzvgw2tfefat2xh3-89e84-0onl.dv32.u-b27,0
CD:.kqa53e7k9q9thd8e.kmyzyw3s2eo.85b7jltq-wa6owvhp,0
RX:6a3n.z.qylxo6hkxic7q_on5.4ng4-3_0.v7z0-a5.tkk,1
TX:.dp2gl68yr4-ldyhhdau4cp3t0y0oct607o8b1hkxb40u.m,1
AB:4x5vharidc-4pzln0ru_dh.2nz_accd11c8a-un2e7-fhj_a,1
SQ:m81pmodk_z112vrc6xzefjtqe8m-g3bpn3_qce5q1ld1yac,0
CD:aqwo.ypsji25.plllpg5aszzmh07wynxa39-gzrjf-td1t,1
ID:-6od-nr7t68onvx24gqjmfsflku_0wcg8yzrgmez2fmnt3.,0
TX:o3o2ii8kcaeiklldjzt8b7n9ffss_eclsyzx2urhpxzlc,1
RX:04yogrpiqbbee7tb-nhbc84s5akf1_2j1f3dlip.c.2yz,1
RX:wbexu1mceovrjchez_uapfpg6nt2lowickzt7uazrc85tkl,0
SQ:264xgljxhp-lvp.reupu21zlrlq-2oe80jydu5umt7ein,1
CD:rr52x2srcmyni.ch4kfgngywvo0konzym6tluqgzmg8krg3,0
SQ:ekalwbgn1-8ekrbq-rocjgewp6y4c2qnpw9e2.9uknij9,0
CD:bb8guopbc4f_do16mxs48pnqj-0i9htbld0_rgvj_xmth,1
TX:g2bsp8z0u-93uecizg_fii_gitblubzykvxvpke_ge2oyfwh,1
SQ:e80dp63m0cfxq3zolwb5hsbyq_bam46jrh3pkm.pl388d,0
TX:32ghpx3dtnhxgr5wplff8x_jkvm7-ptosgk9ou5.8rawi.lu,0
AB:i7e6w7qpza_sonbb5soy0zasagb8rdfe5l6twwy0.1y8mg62,0
SQ:23_28tfm0g9d.6xe9qctwt3xvcaipgfkl6hokpjf11g8dmnfb,0
AB:7h8w9jd1p5.4qvg-648iwq2--6mfwpl-c0ti8zrhwwdkp_74,0
AB:17n9co87zoy_w_x.qrchhkl14nelrak8jgx7ghtsk9ff70fz,1
AB:d25w9khrdzxojva2jsam2m-mqh0li1-x--8o_hnrdnk.jy,0
TX:e5v-0fpvwz9j40gtlr0q-.3zud2olxeljqdiuq4q17dd6mj,1
RX:346odtkax9ojde45x7zp4fxrfcdqxc3eor_ym0v0tk88x,0
TX:je.mapee1v2_bxs6skr5ywdf_3ypp2immtuh_fyqt87hn10,0
RX:8sjo_1zfnz.i1hptdre5oiyxm.x_5qwxtzxuj5x21umyew13l,0
TX:81k9nm88wspmf-okm_o30ys_ao9q_5j-4zr5tczwpz3-d,1
RX:g5i-pobe2tuvfw6d1yawnc2lk06gw1.mjt1bx9n1lovl6,0
SQ:6j9yvl2qc9ilhcfdbqbz4z25bo3j._ess8.h2z_1b369e2,0
CD:7g508zw-c_ryu0z6v_c_jvjpwsa050nxm4qkcczhl41uj,1
TX:5zj1-fisncmxxah03f8yxj-48do1iiur-mi3vcglpuwg-o,1
CD:hc0ey-15om4vmxako56v-ahfezrxcnj8x.jc-iak2istc.9,1
AB:n6mn-gicc3q_zi15gepruxeglg7io8ngyopngwg_mxw2ll,1
TX:93qhrv16nqltv9.rw9mt2mv7_cs2w_7cozmf.mta8qoxyb2b,1
RX:61yi15ho1dfsa5ybxhgh4iaw0k1o.69om28lsxsd0fxmo5x2,1
CD:.itzwyxx3qn_9zxnf1zmfa1cd03r3elxjqav2_c0k.m3yd,1
ID:b1youk0lxkd1g0958hy-mw6vgm1mn8xwr63..76wo9.0d0w,0
TX:5gv4vox.4wo-s21w78q6eov0jb87ztea1ndf93k.1oe-s1,1
AB:nyqhn71k1jvs1tavd401d2jsm0ghkgd9as3dtsxj3s5z62,0
SQ:26_hckl5jmxu8vqjne35-0nya17hlf3t1v46.74jtkki8c,1
AB:g1yti9ujt3byng-0yv.pdpryqbfefa6zq2y0ifwe18mydjjx,1
AB:fv6utwxn02kxfl6z3lj6.0rojkakodlkq5su52gf83u5l,1
AB:x8j.svgjxirx_nuxts.3.2.jfkgm35170kdlfi7rfr9xn,1
CD:cqgx_vy9_i-g.u9hyo0v4gqi_uk.382vnt1w-0u95xkvt,0
SQ:4ajh938mhmhvrdxeab_w_hf46-6baz0-rehfzau5t-lsjwb,1
SQ:d9oyvw_.ble.6zsgkzo.rwydf9id4stnqn9_8bolafrcz,0
ID:pnsd.apqusmw_szv7ry43v5ocp7_exdgp.sf6dxub7-2co,0
ID:oorl2gn7fgk8p-30ticxlnx6inn37l6hg.rro6g9sclra5.n,0
TX:2gbxq-flrcksy_zp1h75y9iebn6j8xhd4y_m5jda2iyx41,1
ID:utn2ont_ikkvoxw41knlgw.27iu5muwt0m58r789shmctna7-,1
ID:e-xi9glszzygni9aaf5-oxpm5vsro5b2oiycmp4e-gw-lzi,1
AB:-p4i1428kcddhbj1bruqrcs5jiy.54rxtqbb-y95scxscio,1
CD:7voa945bt6d93fe1vi.xm6b963892w42e49rusc6exd4_.ig,0
TX:eo499_tpqfc8a45jl5pm-1_g16z496kumsn6m.gfj3qjoi,1
TX:tte0haadi5fj4qq25kugtta9xb6lqbwppr6goy_17_mxc.b,1
RX:l.mk6mtklps1e09rnjs3i6u74f4gso-k2ye734lqlyzh2,0
CD:dlpm7-l9h.g.fj4mjnq5.4u-3540l9fa4i1vejyycx90sa,1
ID:_n4eofcjkvev89nwchx8oor233e5czx6cz7laftfaoplr,1
AB:ayg7_75qizdj3rix78sde7-q8fi40528kh2628ct1fvxmm,0
AB:lsj4l8ftw5gl5rv_vh5n0bzkealxpe6su5ow6bn1voe3x7i,1
CD:6b08z2_x7hypi6t3e5go2tbid5cnt0ohflvgnnwmv8srcm,0
CD:00dcn6v4.mg9iqk0hedgzy_qu2slzsmmprf1r__boye_f2m,1
TX:wkdlwi3dm31m-g3eup1413pg02v7fzqnd1cr55urzllmk_haz,1
CD:t9e896347tdj38i481hm2sto8rc67a2oq_w0a_1q_qyo72f3,1
TX:7zkhk06hrl6m4pa8v0aueyuvx1wyswtwi6exsxdmduc2r3db,1
CD:63efxdfuit9.pr4d_hi63rljjf-30qh5njtzc78m3q4eiegd,1
AB:1qu7.he4ahp1mx6-rrzl1ljfu8.i.zeemmvts69niccmzov,1
CD:qvq3v4l8dmg3zu19yk6aor8x2-_qoqg1bqtbjxio7sj7b2.,1
AB:se4eh19i9kyj2ts09s0959izrp91d__s4t9yutl7y2y8sw,0
TX:8d9xlc7co1_5ywna7-22hftupuq-.wlai__mz.89kd3br,1
ID:.in6lorj.3q0.v4_0g2slmuqrc1wqoey7nypcki7nhzth8v,1
ID:g.bum9m-bge0bpj852ih5fc8r5ws6gcs8x_52lf_xd5ttk,0
CD:ndsna_0qdf0z2kpd91-mxpsks.m09qtg47ro3s0-ecx-7,0
RX:2sz3taezwqgknr.lh1axtyb.-q-6lxz7qz6lzsk11a2fo7ps,0
TX:o.4u4ls1pmaf3qh9efg.okfqlj52ak9o2zjlwzqg5jra.f0t,1
ID:bju6u3kyzjxpsj84y3xht2u5vi2pwunerv2-d.n2jb5y6,0
AB:.jyfwuou_xbhilx6ynvs.gzqu9rr2r47-0ixc..bzr9t48ib,0
TX:bq.fe1jkvshnukxx63dflp_-hs7xn35zubsv0liz1u8aw59q,0
CD:5.0_ckbtsi2tk6-m.6yp1t2wyrffq7o03mj-atf427sq8.s,1
SQ:708en7oxa_u8g-bnaax4ydnu__iwz77jnrhhd2uxkdy4wz9px,0
SQ:vmwwba20qoc66i9zcf7l1terhao4iucmv85w38pt-j4hl,1
ID:tboc_3wfpk2n.wmxvvk-xj_6nmc49z_0otlsnoi7_bo.w.,1
ID:o7f844inqy7qc.o.y67z1qs8i5w-w_mks86bh7d442_5aefq,1
ID:94mjzgd5wfz3fshyv4_4a9udk.ju3amih8ukfom-9p3bznvb,1
AB:z91ieso897k0.3-rey-r-1k_958.7e06.6-kp8zneda69qfpq,1
TX:0j80i_tqx8ybzk95j5dqhqk7xezdpgup1ucoidoyd.neera,1
TX:slr64r3iy5e3c17v8nvzu_5zey310lulk7hswq3nnsw7ptjlf,0
AB:bmnd9zlof-jva-6dr8zoxelij0ngdoxk_e0lc8is8uayh,0
AB:cyswsd-9dwdw0ouhsiv-sxqd7bk8uc6mfsgh86xram_knjzo,0
TX:1exbdujcgyo1f.hit6xmki9pbwkji6g3zowc437-v836d0n,1
SQ:qy61xyrs81dzj9pdcxdhomby31_8gbqvzzguh7xyux_l8vg,1
CD:s7mxyrpmg650ymquqpnri2deci31uni44gl2i4l4m4lt1,0
RX:8-vef7iyhnj3gcch.4q7_quww1.-jdn4qevzc55g81inog7qt,0
SQ:v9d._pif33ekhsnbm6pvrv53-0y3dguh91pn4q0i16vhb8,1
ID:wjhvnnf-_2r4yahiqa0jy3ut.xosvtwpww0-..e8wv50kejz,0
SQ:loe7m3999ihgsf4xp-t5_ov3idgc11n7d1js4_20lhant,0
CD:czfmqvy.3vxx.7ljgdw3gdn7_qqz338ebkz822yee-3lnc,1
CD:djky1-094j8gqrmkiw7li_p7eb-r1kojw127unyr5.tgw,0
SQ:l.oekg3b5aa3s1x0n960ycniec0nhtsuc9j39vhostbeii,0
SQ:no9qrj9h9cddqilv4lfzho8a8x.zzmwjnon71qdpq9hd_m,0
CD:ffmimz26x3w1xp-rv.ig0t.paqdh04ymbm.ta_8apfy-zwj70,0
AB:yh__g_2h8_kmlpqz3xqzpy_pu1a40ifxv52-56ayq7ewc7ld,1
TX:2n-.25vwm0p5uhgtw1c43woc_xyh2-rx9t5bwh58i2-25,0
SQ:bsa6fju5owm8d0xg-sfbhoviwyoeej3yt29j6rgvs._6j,0
CD:lf4536ml05orh9gaum06y5xetrb6ucaak9ield1e.1yxjhy..,1
TX:clj8r6xw8-fu.z3e4doi0pg6uum7_zqftha9m1lbs_g7nk2f_,0
TX:dqmu.el41qt5eh0y4dcgxdn4_0nedode_dof3o8yxpgxdkbef,0
RX:idtobrpws8vks44-v7h-it93ndz31s..vhu_i116gy76ljk,1
RX:wuwfmql_33_xq2xjoceozhbb47ca1e0p27m00fybxtu398t,1
RX:xik8cof_trdiw7zpa-cazk0le2gh8br1p.uo5f144w6uj23b5,1
TX:1d8gqpn71dqpqdr4edebte0anuw3wtwh_po7frdb178h7,1
ID:6qt00y2hajkfx86vi6e0cj9v6aaaj_8nm28w6el8q2fnvb25b,1
ID:f92vkhxcxwe33qk3hfw-d1pr-8r1mx101_40ynkvx_vdydfmg,1
ID:o45s_bqk6uv-78.u6puxoaiw9hrrk1lgdkyzumv8gz__mlgs,1
TX:6_hqg9jtwjmlpt5j36._b9m-pqs5zc9way12x_y45668pq,1
AB:we3i6p-m1fc.ybun37-na53lcq630b928tq59hgrvg9i1,1
RX:b3z11b_ra6f2ux6fz8sotxko7m6k-llq.x-28rsyl4u0ro,1
ID:4wkrjp07yvopf0t8mdsuj.cl9zrrphr2-.hur4.5t8--80t,1
CD:1l9-m1z6s-pfci4mupmejflc71eyzsb32zq49j654da3njqb,1
CD:7hm2kp9n0_x2v--hmoja5g81dztcdkub3ur05mrslzfh8ce,0
CD:jp5.yjwzupu3iw48t3qs9hcf9pxkv.2xo_blu-5f6l2m89xt.,1
RX:9-d2050b_rw06wddfh3ndf0nitblepm.tau9tox3ig2bj3s,1
SQ:q-8mkydc5iij_55j1-scnngy8kn-qfkdfzdn._tu2gisee,1
ID:zrcty0-zz6l95l6sz-cie51quseblplx58wkqlu155a7vn1f,0
CD:5n6tcgleaj45_u6bj._81l-bz6wy20e6z5iz1nfw4g878.,1
CD:baufecj3bwwo.bwbqcr6adsuksnw239hbpm2uytsqbs9e,0
TX:c09np-h24-_1n6kd-q54ym8oqs4_2jx_k1la_66e3-krk2,0
SQ:tg-f7_00iq4g27ijmeksps..rbzb8x7e8g2t3yyilzdcpw0-,0
TX:-nnuzto4rd0e_i2fhc2kjuya0ydt19le_gi-2.rc7--j6,1
ID:bopn46shwdbgpzsm7_x13qaeq6a-o7d57hw71.mqivjwm,0
SQ:ek7_tx.d0eszvi9z5-_0gb538wf4uja5nc1vrp.j3y27tnj.,0
AB:69r._65r4lt6yh_t_dzd-rdalg-ticmr.eyckuac38dj6,0
TX:6wjad6j4zgny78wstflz1-mc229qwd9y3h9_yrtb.-eu2,0
SQ:1xati_86oqwu5wvcoqye2wwg1rrb65q4n94_2oxr-x9ts04ya,1
ID:2qfzjs6ijsldzgtt5rrzv_kp33g-._fjam50w5t8..4_w5n,1
AB:3cui5bxwc1x2qhzd2ilyvt8ry-l2ter4lumwjho42bye_y44,1
TX:axgzc8j7o7qc0yteeknx5g8sdux_.fdevzbb9p7ysl_s19,1
TX:om5hji.oc433dzpahht1tmc_km9mzcwqjkapqq54std6kmnk,1
RX:kw0mnaak-2cub8_xxk2o4h9dbyw7q-9k3-ksbxd5zo_doiw2f,0
SQ:m.fvo3e.7x1.2f49i8q73ei_zgoqwtp0waydsx9fi.me2odo,1
SQ:1vrfmn6ak_9bjkrt3qgzudzlpg9poxau7l7-8yri-g9-j7h.,0
AB:3gjl._4_vsxks1rmkdnw0b0hngjelkuj2e-o93zxs9kfvemr,1
SQ:n1eqgbh6rexl_guwfegu3.jmqfc.7tastat9gb6nya1x3hnk,0
ID:2t4f6wgda0gsv566w469j402jiqbggbazsbj4een8vfot8,1
SQ:-bm_dhzt9-awyr0w9erowcp6tts1x543fxqk0kifw0r9qtn..,0
CD:3ny83ms4l0zcsd5219jhpinfyshanyou2v.q5ezkisocl7.e9,1
TX:x8y2p0nsjzqvkd49a3adv86apvh6jo4-w2duytzszmm.xn8pv,0
TX:o1uxb.ybb8bawpvx1h-8ds-g5l36jbnn5wzqaeoewrod5.,0
AB:oitwnnuxdo6q2m8-jst43qv2ay528.10gdsyit4e2f-gn,0
CD:26zgrq87vrtkepq1-c7_5nrqthk8v5rz5dpj7x-c61b8-,1
CD:l7qz_fenv6r45iw89b9ppnfkla6e.mwtp94c.k35rjib5qt,0
SQ:.r3qg7xihqd.-gqnc8e-dn4_698d.-viz7z9cm9ik.2sm4d_.,1
SQ:edp1i7g628n04k_7jlfn57wj-scozib.gq.1usdg.668nt,0
TX:dev-1l7dwc9k1nosrpw1fhres3blo-0e.ro.52g.bflgj-,0
RX:m.zh5-ndxyygccf.g3a4y0ic5qkb-1e4t31.cdxe-3pbmzbw,1
AB:51dh6nsyf44iwhxg4hkv7a4p51nspmw--vdq3gzl0kk1-7-p,1
AB:0eggzkkwlr55uu4py8m-dkeof2df1si4djur4ze3ixmo_yfn,0
RX:g-64r7i_-rb7xippbs-_v5dzy-vg_wd6i9mrylymabtn0k,0
AB:n4ygs_3_08gite9ko7.d6kxnzck3jkmnaefcy0u-ldd--8jv,0
AB:1zh1g-mctp4r5907hvvopl0aa_ztm7wpo6naedo9cgi0h,1
RX:wsqy9laykgeyk5-3ta7o.gp-2z4868nap_lonuipsfvkwh-f,1
AB:wabyn38hn-2bgi.ej_d6_jrrg918b.8ynhy5a_w.xr2td_tw,1
ID:27g6vrlbel-k079utwn4m_x6fezr3bcvka170i40_m4xl9z5h,1
RX:8.t6kqjr923rnq0dlpz1dpuwo8m9eulvmyk2gdedg__u14,0
ID:cdf5z5s1dmsr.7kf4c2gm1g7sa-3bhu4r2plmgms_p8y6zp,1
CD:f7s1wf4412ura8_j6l2nw_8bg8ahu.p7t-vk_fuqfo-1k8e88,1
ID:krdjtxpy6q847jua0ayxuqs4fkmmafhgevpa4mui-g8itikk9,1
AB:iuzd3wxv0.g0hg_l3.ewrb13pf9ezr3m_7dkz6kfs18.9,1
TX:ggn0rbtu5zu4rki238.pazva-t-3o3-nu9-29m6imii3xbj,1
TX:r20r3-g_8e29rygv85ngz3merj-fd71_crymprlje8rll,0
ID:1tt82uj5..wf02.ail9s-414a5yh4i__hoi6j2e_w5b4vu79,0
AB:to7wi1zf6uyfu81wviwyqb-6v993v7w93vssoxup8j6wenbn0,1
