input_emoticon,label
馃槞馃毀馃樂馃槦馃槜馃毀馃櫥馃殔馃槆馃槙馃槾馃殘馃櫨,1
馃櫏馃樉馃泟馃毇馃槫馃櫉馃樉馃槹馃毈,0
馃檿馃檻馃檷馃樆馃槈馃櫑馃槣馃洂,0
馃檪馃殠馃泩馃檻馃槴馃槒馃殨馃毊馃洖馃泚馃泝馃檿,1
馃毤馃槫馃檺馃殫馃殲馃殮馃槓馃殢馃櫢馃樂馃櫒馃樈馃洃,0
馃檳馃毉馃槍馃毠馃毜馃櫄馃槑馃泿馃殌馃殺馃槹馃櫚馃泧,1
馃樆馃樂馃櫨馃樆馃殑馃泭馃櫄馃槺馃洝,1
馃毆馃泜馃槩馃槫馃殭馃殕馃櫀馃殕,1
馃樃馃櫧馃洈馃殭馃槞馃泧馃毄馃毉馃檶馃檪馃槪馃榾,1
馃毈馃櫜馃槝馃殟馃毦馃櫜馃槵馃檾馃槫馃洍馃洂馃洀,1
馃槃馃洃馃泦馃毣馃檯馃槏馃泦馃洊馃槗馃櫗馃槒,0
馃殨馃洉馃槬馃櫡馃殙馃洐馃洃馃毆馃殯,1
馃洜馃殥馃櫍馃櫞馃槢馃槻馃檶馃殑馃槾馃槺馃槓,0
馃槒馃槆馃檴馃櫞馃樉馃櫗馃櫣馃殻馃泧,1
馃毐馃毝馃槴馃槙馃櫋馃櫉馃櫓馃殼馃殬,0
馃櫄馃檶馃泜馃樃馃槳馃櫏馃櫉馃樉,0
馃櫎馃泜馃櫦馃構馃洝馃毤馃洑馃洃,0
馃櫅馃櫖馃泝馃泲馃槬馃榾馃櫂馃洃馃毐,1
馃殱馃殽馃毐馃殨馃櫗馃槳馃槺馃槏馃殾馃槏馃檰,0
馃櫕馃洀馃櫢馃槍馃櫜馃泙馃槒馃槒馃泜馃櫅馃洈馃殌,0
馃槖馃殧馃櫩馃檱馃樅馃殫馃檱馃樇馃槤馃殤馃櫑馃洃,0
馃櫑馃洝馃洝馃槓馃槹馃樆馃洅馃泧,0
馃檧馃櫍馃櫤馃檮馃洖馃毝馃櫡馃殩馃櫧馃洅,0
馃樆馃泬馃毀馃槪馃樋馃槸馃檷馃殯馃泙,1
馃泴馃毧馃様馃櫉馃樉馃榾馃毊馃殢馃樆馃毀,1
馃槀馃槕馃泧馃泴馃櫥馃毤馃殐馃槨馃槣馃檯馃泲馃毘,0
馃槸馃樃馃槜馃毎馃泧馃櫅馃殞馃槩馃洅馃泝,0
馃槄馃殾馃檵馃洅馃毜馃泝馃毞馃樇馃毐馃槝馃泤,1
馃槶馃洀馃檹馃毠馃泟馃槻馃殨馃櫄馃樉,0
馃檹馃櫝馃殭馃毦馃檴馃槅馃泦馃樆馃殐馃洖,0
馃殕馃檸馃毐馃櫌馃洖馃槡馃泲馃槳,0
馃櫌馃櫟馃毝馃殯馃洈馃殾馃槵馃櫋馃洊馃洂馃殞馃殨馃槣,1
馃檯馃櫆馃櫄馃檪馃槣馃櫉馃洈馃殭馃泴馃殝馃檮馃櫥,0
馃檧馃櫋馃殐馃殦馃櫓馃櫍馃槹馃櫔馃泲馃毘,0
馃槗馃櫞馃殢馃檵馃毟馃毄馃殬馃槻馃槶馃槄馃樂馃櫕馃泙,0
馃櫇馃殠馃槴馃殱馃櫙馃樂馃殧馃榿馃毄馃毊馃槝,1
馃槯馃洏馃櫟馃構馃樃馃毧馃櫑馃毜馃殩,1
馃殜馃殺馃櫜馃毣馃櫥馃泭馃毃馃櫕馃樅馃樂馃殣,1
馃樁馃櫍馃殹馃槾馃檵馃泬馃槖馃槩馃櫀馃槩馃槹馃櫇馃檴,1
馃槑馃毤馃櫂馃毉馃洉馃槃馃泧馃殏馃櫕馃洉馃檭,1
馃櫣馃殾馃毚馃泭馃櫘馃樈馃櫗馃櫁馃殫馃毚馃殻,1
馃洕馃櫢馃泴馃殔馃殨馃槖馃櫊馃泝馃槱,1
馃檳馃櫐馃檶馃泦馃樉馃洊馃櫉馃毤馃櫔馃毄馃構,1
馃殥馃毎馃殦馃毆馃洊馃槶馃槃馃槩馃槣,0
馃洊馃櫓馃樄馃檽馃殘馃洐馃殺馃毌馃槬馃檰馃殏馃洃,1
馃洈馃槵馃殔馃毣馃樁馃殱馃檮馃殮馃毝馃毘馃櫩,0
馃櫢馃殨馃槒馃殥馃槀馃櫈馃櫘馃櫋馃檻馃泬,1
馃槩馃槯馃櫟馃殦馃殝馃洀馃毌馃櫓馃毢馃殔馃檲馃樂馃洆,1
馃樂馃櫓馃殙馃檿馃槅馃泙馃槱馃槸馃毚馃檶馃泦,1
馃槀馃洊馃槗馃殺馃櫘馃毇馃殰馃殤馃櫘馃毘馃槙馃槻,0
馃殩馃檽馃櫧馃檷馃洝馃櫦馃檹馃櫐馃檯馃槾,0
馃槢馃櫣馃毈馃槱馃槹馃櫗馃殻馃洔馃櫠馃樋,0
馃檪馃檻馃檮馃殸馃槣馃槉馃槍馃檪馃洉,1
馃泤馃殎馃櫔馃櫍馃槱馃構馃洈馃櫕,0
馃櫙馃殏馃殯馃槩馃毞馃洊馃槗馃樃馃櫨馃櫈馃殕,0
馃檿馃泹馃檭馃殔馃櫊馃殌馃槏馃洏馃槚馃毈馃殟馃樆,0
馃樁馃櫦馃槪馃櫆馃殯馃櫔馃槆馃檨馃樋,1
馃殯馃洂馃毑馃殟馃殨馃洆馃櫊馃櫥,0
馃毢馃槓馃槬馃檯馃毄馃殌馃檨馃槣馃殯馃殲,1
馃櫤馃櫌馃殗馃泬馃殾馃殘馃槄馃槼馃殬馃泜馃殑馃槃,1
馃槈馃毆馃櫔馃殦馃洀馃槱馃殑馃殢馃櫙馃様馃檸馃檵,0
馃檴馃殰馃檨馃洉馃毞馃櫦馃櫐馃檱馃檳,1
馃毢馃榾馃泟馃櫒馃槍馃櫟馃殞馃櫚馃櫍馃構馃樇馃槤,1
馃泧馃櫗馃槅馃殠馃毚馃殸馃檰馃槂馃櫆馃槻馃毦,0
馃洊馃殥馃槩馃洅馃檨馃殶馃櫇馃櫗馃櫔馃櫑馃槧,0
馃櫜馃泦馃泝馃樉馃毑馃櫇馃洆馃櫜馃毠馃樋馃檭馃殑,1
馃櫎馃櫗馃檵馃毈馃檿馃洅馃泟馃洕馃樀,1
馃泚馃櫆馃檱馃櫔馃泿馃櫀馃洘馃毘馃殦,0
馃洑馃槣馃洑馃檵馃槚馃毦馃槚馃泹馃槂馃槧馃泟,0
馃櫔馃洓馃檶馃殰馃殥馃泙馃泙馃泜,1
馃殟馃泩馃櫘馃櫤馃殝馃樀馃殮馃檧馃槼馃様,0
馃殶馃槚馃槬馃檭馃槅馃檳馃槍馃檻馃櫋馃樂馃櫇馃殮馃槰,0
馃殙馃櫀馃殮馃櫚馃殐馃槾馃殣馃櫑,0
馃泲馃殭馃槪馃櫍馃檸馃殑馃殣馃櫉馃樃馃毧馃槶,1
馃槝馃櫀馃檻馃檪馃殲馃槃馃毣馃櫃馃榿馃泝馃毌,0
馃毃馃毤馃泴馃毌馃槾馃毜馃槺馃槳馃樃馃毆馃毉馃殭,0
馃槙馃殟馃槇馃毑馃槆馃檼馃槤馃泹馃檳馃櫇馃槶馃毐馃泦,1
馃櫛馃樈馃槬馃泿馃洉馃洑馃檪馃泟馃毜馃櫓馃槕馃毆,0
馃殻馃洕馃洑馃毜馃檼馃毑馃槂馃櫣馃櫐馃殬馃殫馃殑馃毠,1
馃殬馃櫔馃殞馃洉馃檴馃殙馃殥馃殢,1
馃檮馃櫆馃槦馃洉馃檮馃櫙馃槙馃泩馃槥馃櫐馃殫馃毀馃洉,1
馃毀馃槩馃櫇馃槚馃櫘馃櫆馃洍馃槆馃檽馃櫎馃洊馃泚,0
馃檽馃泲馃殤馃槏馃樉馃洑馃洊馃毢馃様馃槸馃殣馃洓馃構,1
馃洘馃毐馃槷馃毣馃櫧馃殑馃毞馃槾馃毌,0
馃泚馃槧馃槤馃樃馃槯馃殨馃槄馃槂馃毑馃樀,1
馃槯馃構馃毀馃櫠馃毃馃櫕馃毌馃櫝,0
馃櫛馃洉馃槈馃毐馃泝馃櫟馃櫑馃洐馃槏馃櫖馃櫄,0
馃殹馃櫎馃泲馃檲馃槨馃槣馃殟馃殑馃殸馃櫀馃殗,1
馃櫜馃櫋馃毘馃槞馃殦馃泦馃櫦馃泝馃櫋馃泩馃櫇,1
馃櫈馃槙馃櫊馃殩馃檾馃槩馃洂馃槒馃毣馃槙馃槙,1
馃櫧馃殑馃櫨馃檴馃槢馃檹馃殩馃毄馃泟,0
馃殗馃檹馃殏馃槹馃殧馃槻馃槝馃毧馃檽馃毈,0
馃毧馃洔馃毟馃殜馃殤馃槄馃洃馃毣馃樇馃槰馃殲,1
馃檹馃槰馃槧馃殧馃槒馃毀馃洓馃様馃櫡馃檿,1
馃槪馃檰馃檳馃洈馃殕馃泧馃槪馃毆馃構馃槖,1
馃櫉馃殙馃櫇馃槹馃櫝馃檸馃槞馃殭馃殕馃櫡馃檯馃槺馃洖,0
馃槷馃洉馃毉馃毈馃檨馃槢馃櫚馃櫋,0
馃櫢馃槾馃櫨馃殩馃檺馃櫃馃毀馃櫌馃櫑馃槕馃檰,1
馃櫅馃殣馃檨馃櫅馃洑馃槮馃洊馃櫑馃殯馃檻馃櫌馃槜,1
馃櫄馃槕馃泟馃毃馃槻馃毎馃槕馃殢馃櫡馃槴馃毌馃檹,0
馃槜馃樄馃槯馃槩馃毇馃槕馃洊馃殟馃櫒,1
馃洂馃櫩馃殢馃殟馃泝馃殟馃槩馃槒馃櫍馃檮馃樉馃槍馃櫜,1
馃櫐馃槍馃毣馃槕馃泝馃泚馃殜馃櫜馃櫒馃櫧馃毑,0
馃泹馃殎馃槳馃殘馃櫛馃洏馃櫏馃毞馃毥馃洖馃槗,0
馃樂馃櫌馃櫍馃櫠馃槪馃檾馃樋馃櫆,1
馃殗馃毑馃殥馃槑馃槙馃殭馃檧馃殻馃殧馃泴馃泤馃檵馃殐,0
馃檰馃殧馃殨馃槤馃殸馃槗馃櫨馃殤馃檴馃槣,0
馃殫馃櫜馃槃馃檯馃洊馃檷馃毉馃槴馃洝馃槪馃檪馃毑馃櫜,0
馃檶馃毉馃槤馃檿馃槫馃毣馃毊馃毝馃槬馃櫌馃櫆馃殬馃樀,1
馃檧馃毄馃櫏馃櫢馃檯馃毝馃櫓馃毤馃檽馃洊馃洖馃櫒,1
馃櫛馃櫈馃槫馃槶馃殘馃泤馃構馃櫖馃檽馃洆馃殸,0
馃槖馃槫馃櫏馃櫞馃毣馃様馃泹馃毟馃泧馃洅,1
馃櫃馃檾馃櫁馃槖馃槻馃檲馃槚馃殹,1
馃槦馃檧馃毣馃殱馃槦馃殶馃櫏馃榿馃槕,1
馃毤馃櫦馃殼馃櫡馃槞馃檨馃檮馃槉馃櫈,1
馃槞馃泴馃殕馃槂馃櫞馃樁馃槧馃櫋,1
馃殌馃槳馃殫馃櫠馃檻馃洍馃櫤馃毐馃櫜,0
馃泤馃槈馃櫁馃檾馃毃馃檺馃槒馃樁馃殧馃槜馃殐,1
馃槉馃櫥馃毞馃槯馃毎馃櫓馃殱馃殠馃毞,0
馃毌馃櫑馃檪馃槈馃槶馃槈馃洅馃櫞馃洘馃櫤馃樄馃毆馃槴,1
馃泝馃檵馃槣馃檽馃泬馃毀馃泭馃櫁,0
馃殰馃檽馃毚馃樇馃槖馃櫉馃櫋馃洜馃槰馃檪馃槜,1
馃檪馃櫎馃殺馃槬馃櫎馃櫏馃殼馃泿馃殜馃櫌馃殣馃毑馃槍,1
馃櫝馃毄馃槫馃槆馃毧馃殭馃櫍馃槣馃樀馃殤,1
馃洊馃槆馃槩馃櫏馃檽馃櫎馃槕馃槦馃檼馃檱馃樉,0
馃殾馃櫚馃櫁馃櫨馃樆馃樅馃櫎馃洝,1
馃洀馃櫙馃槢馃泙馃櫐馃泲馃櫎馃槗馃殮馃毧馃檲馃檸馃槑,1
馃泙馃殸馃洃馃殣馃毘馃櫜馃槢馃槶馃槦馃毑,0
馃櫧馃檽馃毜馃櫦馃殜馃槗馃檯馃洝馃殺馃櫠,1
馃槓馃洓馃殤馃櫏馃殭馃檷馃泦馃毎馃殣馃槱馃洑馃櫋,0
馃櫟馃檮馃槫馃洆馃槻馃洊馃櫟馃檧,0
馃槵馃洏馃樉馃殟馃殜馃槙馃殣馃殔馃殐馃槮,1
馃槈馃泝馃槖馃洊馃毊馃樆馃槸馃殎馃殝馃槅馃泩馃櫥,1
馃樂馃毝馃櫅馃櫐馃殯馃槪馃櫇馃櫒馃檶馃槧馃泜,1
馃洘馃檸馃櫄馃毇馃櫞馃槜馃樁馃槢馃櫏馃槦馃構馃洉馃泝,1
馃洐馃泲馃毞馃洆馃殺馃槳馃槫馃洝馃櫓,1
馃槄馃洉馃櫜馃洑馃槹馃檹馃構馃櫙馃泧馃殦馃櫔,0
馃櫋馃泧馃殼馃毈馃檼馃櫄馃殌馃槴,1
馃櫁馃櫏馃櫦馃毢馃殞馃殜馃槤馃槙,1
馃櫨馃檼馃槧馃殘馃櫄馃槈馃槇馃殹馃毜馃櫟,0
馃泬馃槦馃洅馃檱馃櫂馃殝馃毦馃殕馃櫜馃櫝馃櫘馃櫩,1
馃檽馃殬馃洕馃殐馃毚馃殻馃殯馃槅,1
馃洑馃毎馃毌馃殏馃殻馃殐馃槮馃殠馃殞馃毦,0
馃樁馃殎馃殲馃槴馃櫍馃櫈馃櫇馃槷馃櫛馃殜馃櫔馃毧馃殼,0
馃槷馃檳馃殨馃櫠馃檰馃槯馃泿馃檷馃檺馃毊馃殺馃殤,1
馃櫗馃洏馃樋馃檭馃洈馃洕馃毊馃殶馃殯馃櫘馃櫖馃櫨,1
馃槢馃殬馃檿馃洕馃毟馃洍馃毜馃檨馃檨馃殹,1
馃殧馃毃馃槹馃毣馃樈馃櫩馃樈馃槝馃毀馃樁馃構,0
馃槾馃槚馃檴馃櫔馃殭馃槦馃洐馃洕馃槪馃殦馃泧馃櫕馃殦,1
馃檧馃槏馃毉馃殦馃槾馃殾馃泙馃槇馃洂馃櫈,0
馃洝馃櫃馃櫙馃洆馃洐馃洃馃泦馃槀,0
馃檧馃洘馃櫤馃櫙馃洈馃泙馃櫓馃槴馃槞馃槫,1
馃樅馃槳馃殾馃毑馃殌馃毇馃槯馃泚馃泭馃毢馃櫞馃槗馃殫,0
馃櫕馃洆馃榿馃櫀馃櫎馃樇馃檴馃殐馃殎,1
馃檻馃樀馃殩馃櫓馃槫馃殯馃洂馃泩馃毉馃殰馃殣馃洈馃檽,0
馃洏馃櫖馃櫐馃洘馃檾馃殲馃泿馃毇馃毜,0
馃殭馃殕馃毐馃櫠馃櫡馃檻馃洀馃槞馃毣,0
馃櫣馃槬馃泚馃櫍馃殭馃殺馃櫘馃泲馃櫎馃槍馃槤馃櫇,0
馃櫒馃毝馃殻馃櫃馃毟馃毃馃殏馃槉馃檷馃槑馃洜馃洆,0
馃槆馃櫆馃毉馃毉馃洕馃殤馃櫉馃洜馃櫀馃泟馃泴,1
馃殮馃殨馃櫣馃殦馃檸馃槰馃櫣馃櫡,0
馃毆馃洕馃櫒馃殺馃櫉馃檿馃槼馃櫒,0
馃槳馃泤馃毉馃槆馃殨馃殜馃洆馃泩馃樁馃槒,0
馃殗馃殲馃構馃毀馃櫄馃槾馃槺馃泝馃槍馃櫛馃檨,1
馃殗馃殫馃檲馃檮馃槧馃殨馃槺馃檭馃槏馃洊馃泦馃泿,1
馃櫚馃洓馃洈馃殫馃毐馃檲馃櫈馃槨馃檿馃毆馃櫕馃毧,1
馃槧馃櫒馃槏馃櫇馃櫈馃櫡馃櫁馃樄馃檴馃槕馃櫏馃檽馃櫣,0
馃樇馃殬馃殘馃泤馃槳馃毈馃殻馃櫨,1
馃泟馃檵馃洏馃槂馃洆馃洐馃槡馃洝馃櫖,0
馃殘馃槷馃泿馃櫦馃毌馃櫀馃櫢馃檻馃樆馃櫝馃櫚馃槚馃洕,1
馃泿馃檽馃櫇馃櫩馃槻馃槧馃樅馃洆馃殏馃櫈,0
馃檴馃檿馃毤馃櫚馃殦馃殮馃樅馃毠馃洑,1
馃槮馃毘馃槮馃殺馃櫘馃洀馃櫤馃殤馃槏馃槆馃毧,0
馃櫇馃毦馃槾馃殶馃槀馃櫜馃檾馃殝,1
馃櫘馃榿馃櫦馃槀馃櫡馃樉馃洔馃槂馃毞馃殬馃毝馃泹馃槝,0
馃槨馃槴馃櫠馃毟馃樇馃櫃馃檾馃櫅馃櫩馃洘馃槼馃殮,0
馃洜馃殥馃槆馃櫅馃檿馃櫕馃殢馃殲馃槖馃毧馃殤馃檴馃洔,0
馃洀馃槼馃泲馃殰馃殌馃樈馃洂馃殮馃樋馃櫤馃殧馃槰,1
馃洐馃殑馃毆馃殹馃櫄馃槕馃槫馃樁,1
馃泭馃檴馃毆馃槦馃洘馃殻馃櫛馃洔馃槍馃櫌馃毥馃檶馃毉,1
馃槅馃樈馃洜馃櫘馃檺馃洈馃櫋馃殭馃殨馃槗,1
馃殹馃槖馃槩馃殸馃殢馃毀馃檱馃槝馃榿,1
馃檻馃樇馃槤馃槳馃櫏馃櫧馃櫆馃槄馃檹馃槙馃殗,1
馃槀馃櫇馃毎馃殻馃櫨馃洜馃樁馃櫟馃殮馃槮馃樇,1
馃槧馃槬馃樉馃檭馃毎馃檻馃洉馃殺馃櫚馃殝馃櫑,0
馃榿馃櫃馃毦馃檿馃泜馃櫍馃櫋馃毢馃殦馃殕,1
馃殘馃殱馃櫖馃槰馃櫄馃檲馃殾馃殢馃洑馃毎,1
馃樋馃毐馃檼馃洅馃槶馃洝馃槰馃毉馃槅馃殼馃洉,0
馃毚馃毣馃槒馃毧馃毘馃殬馃槦馃檮馃樄馃槩馃櫉,1
馃櫏馃殗馃殐馃櫢馃洂馃泟馃櫈馃槇,1
馃泭馃櫣馃殣馃槗馃毉馃殧馃檺馃殥馃槉馃洖馃殭馃櫄馃毆,1
馃槀馃樅馃櫝馃櫟馃殐馃殏馃櫎馃櫂,0
馃洝馃櫗馃檪馃洂馃槗馃毣馃殽馃檸馃檷馃毐,1
馃櫕馃櫍馃殱馃檲馃檭馃毞馃槡馃毧馃殥馃殭,0
馃樂馃槯馃槫馃櫨馃洏馃槾馃櫅馃槱馃殣馃櫋馃槅馃殜馃槵,1
馃榿馃槹馃樉馃殶馃毘馃殏馃毚馃櫣馃檼馃槵馃槞,1
馃洑馃檰馃櫁馃櫂馃槞馃檹馃櫑馃槮馃殬馃毚馃洀馃殔,0
馃槡馃檯馃槱馃殰馃櫝馃櫈馃槦馃櫀馃槱馃殢,0
馃槬馃檨馃槳馃毦馃殝馃泝馃洍馃櫗馃槵馃櫀馃櫨馃殦,1
馃櫙馃殸馃櫎馃槬馃櫩馃毘馃槺馃槆馃槻馃檨馃毎馃櫩馃毊,1
馃櫝馃殎馃樇馃櫤馃洘馃櫤馃毇馃毇馃櫍馃槺馃櫊馃殾,0
馃泤馃槆馃樆馃泜馃槗馃泝馃槡馃毞馃槸馃殾,1
馃殙馃櫊馃殝馃毐馃毞馃毝馃殌馃櫢馃殕馃槮馃洕馃檪馃殎,0
馃洐馃毐馃洀馃洜馃泝馃槣馃泝馃樃馃殸,0
馃櫂馃槧馃殠馃殟馃檾馃槕馃毘馃毉馃櫅馃毄馃殱馃泦馃櫐,1
馃殐馃泟馃毧馃槙馃洓馃殢馃殱馃泙馃毘馃櫃,1
馃櫙馃檲馃檧馃櫥馃槤馃泙馃毑馃泭馃毈,0
馃殟馃毥馃槂馃洅馃槪馃櫑馃洜馃櫊,0
馃檮馃泤馃泦馃槙馃檻馃槖馃殩馃殥馃構馃殟馃殼馃毆馃櫋,0
馃槙馃槹馃槕馃殕馃櫟馃櫎馃榿馃檷馃槢馃泜馃殰馃櫕馃槼,0
馃毝馃槜馃檽馃檭馃櫀馃毞馃泤馃殣馃殭馃槒馃櫩馃殙馃槬,1
馃槹馃毄馃洀馃殝馃櫍馃槺馃泭馃槦馃槢馃殼馃檹馃櫋馃毑,0
馃殤馃樃馃殗馃殺馃檧馃洈馃槅馃毧馃泤馃槷,0
馃櫂馃殥馃毐馃毘馃樁馃櫁馃樁馃殣馃槓馃泩馃槀馃檻馃檱,1
馃櫉馃櫥馃槯馃櫔馃洘馃槓馃殑馃槂馃槹馃洂馃洊馃櫃,1
馃殹馃毉馃櫉馃櫄馃殣馃櫣馃槩馃槖馃槕馃洂馃洔馃槪馃檳,0
馃殱馃殼馃毧馃槏馃槗馃櫌馃櫐馃殙馃檯馃毀,0
馃槀馃槦馃槀馃櫚馃檸馃櫞馃毠馃樅,1
馃毄馃泤馃殽馃槡馃泲馃檵馃櫋馃櫠馃樆,0
馃櫐馃檻馃櫚馃殌馃檽馃樄馃槜馃殎馃殻馃槼馃櫜,0
馃樂馃櫔馃櫀馃槨馃洅馃泚馃櫦馃泿,1
馃檲馃櫈馃殺馃樈馃槕馃檾馃櫛馃泲馃槰,0
馃槒馃櫓馃樋馃毦馃檳馃櫦馃榿馃槶馃櫩馃檮馃殞,1
馃殔馃櫙馃毊馃槵馃泲馃毇馃樂馃榿馃櫆馃槾,1
馃毥馃泦馃洊馃榾馃殧馃毧馃殼馃槜馃櫡馃樀馃櫙馃槏馃洝,1
馃槈馃槾馃毧馃櫇馃泭馃櫑馃毄馃殐,0
馃毠馃槓馃殌馃櫌馃洐馃樀馃樅馃檱馃毚馃殲馃殾馃檱馃樈,0
馃槥馃毊馃槝馃槜馃櫏馃檰馃槢馃檺馃毊,1
馃櫒馃泙馃様馃毝馃檮馃殶馃殘馃槹馃泚馃槨,0
馃櫃馃構馃檭馃毠馃槯馃洍馃泚馃櫧馃櫦馃槙,0
馃槢馃槏馃毎馃槻馃槵馃櫄馃殯馃洆馃槖,1
馃槃馃槑馃泲馃櫎馃槤馃泴馃毣馃檴,0
馃構馃洂馃櫋馃殻馃櫚馃櫀馃櫊馃檹馃泹馃樉馃櫎,0
馃殜馃殝馃殥馃櫚馃泧馃櫖馃槗馃櫀,1
馃殤馃毚馃樃馃洜馃櫤馃槃馃櫀馃殹馃櫖,1
馃泿馃櫛馃櫁馃槰馃檲馃槺馃泭馃毌馃槏馃洜,1
馃洝馃洔馃槚馃殧馃樇馃毟馃洀馃槍馃洝馃槺馃毧馃毚,1
馃槯馃殔馃毝馃殱馃泿馃槅馃殲馃洊馃櫩,0
馃櫤馃槯馃槇馃槍馃殗馃槃馃櫖馃檴馃殜馃毝馃檷,0
馃槏馃槨馃殶馃槧馃槞馃櫠馃檼馃槓馃殶馃殨,0
馃檮馃槥馃槪馃洊馃毑馃洐馃殥馃槯馃洑馃殰,1
馃殩馃毟馃檿馃殽馃檪馃槰馃榾馃殲馃殎,0
馃殘馃洂馃洑馃槺馃櫩馃洆馃槦馃毃馃樀,1
馃殢馃洐馃毠馃殫馃殼馃檵馃槀馃槸馃殰,1
馃毐馃殺馃槉馃櫍馃櫈馃槬馃櫇馃泧馃檹馃檾,1
馃殦馃殯馃槫馃槓馃毧馃檪馃檲馃洍馃槓馃槮馃檾馃殽,0
馃殕馃殜馃櫗馃槆馃洈馃槬馃泬馃槪馃槚馃槷,0
馃殱馃殻馃殼馃樆馃樋馃樀馃構馃殎馃毥馃槩馃檻,1
馃檪馃殨馃殗馃槶馃槄馃槮馃檨馃槖,0
馃毐馃櫔馃泭馃樆馃殤馃櫁馃檽馃櫀馃槳馃槉,1
馃樆馃毥馃櫩馃槩馃殱馃槙馃殩馃毝馃櫇馃毆馃槼,0
馃毟馃櫈馃櫣馃泝馃櫕馃泧馃櫕馃槕馃泴馃殹馃櫛,0
馃洊馃櫏馃洊馃槬馃槸馃槴馃槈馃槕,1
馃洝馃殟馃毤馃樅馃泹馃泿馃槒馃櫁馃櫃,1
馃櫟馃洀馃槀馃殲馃殑馃毎馃槞馃槨馃殌馃殐,0
馃櫩馃槚馃檧馃櫣馃檷馃櫆馃櫀馃櫗,1
馃槮馃櫅馃殝馃殭馃櫄馃櫃馃泦馃殰,0
馃櫕馃樇馃檾馃檶馃毘馃檰馃毦馃泚馃殮馃洓馃槼馃檭馃毃,1
馃殼馃殘馃様馃櫍馃泿馃櫆馃櫗馃櫞馃檾馃槍,0
馃檰馃櫜馃槥馃泙馃泦馃槅馃槴馃毤,0
馃槆馃構馃檻馃槵馃檽馃櫒馃櫃馃洂馃殭,0
馃櫘馃櫎馃洐馃櫕馃櫦馃檷馃毥馃樅馃毣馃様,0
馃構馃泙馃毎馃槹馃槻馃槻馃槷馃殦馃櫞馃泝馃洑,0
馃泿馃殥馃殗馃榿馃樄馃毜馃檯馃洑馃殤馃櫉馃檿,1
馃樃馃櫓馃殭馃毢馃櫃馃槜馃櫝馃殨馃毦馃檾馃殥,1
馃殮馃櫖馃檶馃樉馃檳馃樉馃殧馃洍馃殦馃槳,0
馃毝馃毜馃殗馃殨馃殭馃殻馃殧馃洝,1
馃櫅馃殾馃殐馃洜馃毟馃檷馃殹馃殯馃殣馃櫕馃洈,1
馃檭馃槮馃殧馃櫨馃檪馃櫔馃毀馃殻馃櫨馃泿馃洊馃泲,0
馃檺馃毃馃檯馃毑馃檴馃樅馃檪馃泙馃櫔,0
馃泬馃櫛馃泟馃櫀馃檭馃槍馃泚馃槦馃槶馃櫆馃殌,1
馃檱馃殹馃毎馃櫘馃殠馃槯馃殢馃榿馃樈,0
馃毈馃櫘馃毈馃槗馃殜馃殢馃櫅馃洑馃櫀馃槇馃槶馃檾,0
馃毇馃櫢馃槃馃榾馃殽馃槼馃泦馃檰馃槜馃櫛,1
馃槑馃槉馃洊馃櫑馃櫟馃櫠馃櫌馃殯馃槥,1
馃毄馃槬馃泴馃毞馃槃馃槻馃洖馃槸馃槃馃櫜,0
馃殸馃毘馃檾馃殣馃毊馃殞馃殕馃槉馃槝馃毤,0
馃槡馃櫎馃槢馃樄馃殲馃槷馃殮馃槀馃櫉馃槚馃櫟馃殞馃殲,1
馃櫝馃殝馃樋馃毐馃櫚馃殙馃毌馃毣,0
馃殲馃檪馃槇馃櫚馃槷馃洅馃檴馃榾馃殫馃泴,1
馃洊馃毎馃槓馃殻馃泴馃殤馃櫑馃洔馃樆,0
馃毞馃泤馃泙馃檻馃殬馃櫊馃槡馃泙,0
馃泙馃殨馃槮馃檺馃櫌馃殞馃泦馃槙,1
馃槞馃櫄馃櫑馃毤馃殯馃櫖馃櫉馃泩馃槬,0
馃殼馃洕馃毦馃槜馃泹馃櫗馃殌馃櫍馃殜馃毎馃殜馃泜馃泦,0
馃洂馃槞馃櫆馃槉馃樆馃檱馃殶馃殭馃毉馃殏馃櫩,1
馃櫠馃殲馃槙馃殨馃樃馃檸馃殬馃櫀馃毥馃櫨馃洘馃槍,0
馃毧馃泙馃泟馃槓馃櫙馃樁馃洓馃構馃槻馃殤馃櫅馃樀,1
馃毜馃櫏馃泚馃櫏馃槡馃櫚馃殦馃槜馃櫇馃櫧馃榾,0
馃洐馃殣馃泬馃櫩馃殦馃櫑馃檷馃毢馃毟馃毦馃檵馃毉,1
馃殧馃殹馃槞馃毇馃槻馃檷馃毣馃洐馃檨馃櫟馃殲馃槉馃槬,0
馃毀馃櫆馃樄馃槵馃槢馃泙馃槹馃毢馃槴馃檶馃毇馃槉馃殢,0
馃櫑馃殔馃櫛馃洐馃榾馃殾馃櫧馃櫋馃殑馃洂馃毎,0
馃殏馃殽馃槤馃櫁馃殗馃泧馃櫛馃櫀馃洕馃泿馃毈馃樈馃洐,1
馃毜馃槦馃殘馃泩馃櫝馃毦馃櫥馃檰馃殾馃櫧馃槺,0
馃殹馃殯馃洂馃槤馃殸馃洔馃槰馃櫤馃殢馃殸馃毇馃櫩,1
馃毄馃毦馃檧馃毧馃毝馃櫠馃槄馃槧馃殫馃槶馃毄馃槫馃檧,1
馃毥馃殰馃檪馃毆馃槆馃毞馃槜馃泟馃毀,0
馃殥馃櫁馃櫝馃毚馃殱馃殰馃槉馃櫀馃櫈馃毑馃殮馃洑馃槍,1
馃殞馃毎馃泟馃毣馃泹馃殶馃殥馃毆馃櫥,0
馃洐馃檪馃槰馃殮馃槳馃槯馃櫞馃檿馃櫊馃櫧馃槤馃殐馃樄,1
馃殸馃槩馃槩馃檲馃構馃洅馃殝馃殨馃櫘馃殎馃檺,1
馃槺馃槱馃槒馃櫜馃櫈馃櫣馃様馃槺馃槹馃檵馃檻馃槺,1
馃毢馃洕馃榿馃殫馃櫎馃泴馃殜馃殞馃洏馃殮馃檲馃洀,0
馃樄馃殻馃槄馃櫞馃毊馃櫞馃櫜馃櫘馃檪馃殦馃檲,0
馃槬馃洏馃櫣馃榿馃槑馃殫馃毊馃泝,1
馃槷馃毣馃泦馃毀馃櫌馃毟馃槓馃殯,0
馃殺馃槇馃槓馃槰馃樃馃槒馃毠馃泹馃櫆馃櫏馃櫅,1
馃櫂馃槡馃榿馃殺馃槑馃毃馃槉馃毧,1
馃槜馃毐馃檮馃槗馃毈馃櫌馃櫃馃殨馃櫕馃櫢馃槥馃櫂,1
馃槧馃殭馃泿馃毘馃殼馃檾馃洊馃櫧馃櫧馃槢馃榿馃殕馃櫣,0
馃槸馃毀馃殼馃槸馃泴馃泙馃槧馃槱馃殝馃樄,0
馃殫馃殌馃槍馃毄馃洘馃櫦馃殤馃槓馃殫,1
馃槵馃殐馃洍馃檺馃殫馃樀馃檧馃槒,0
馃櫗馃檴馃殨馃殰馃槩馃殌馃毝馃洏馃槮馃檰,0
馃毀馃櫌馃毥馃槥馃殽馃泦馃櫒馃檻馃檯馃櫦馃槯馃殙馃毦,0
馃槵馃殽馃殟馃殼馃泬馃泙馃殠馃毞馃殏馃毉馃槹馃槇,1
馃泭馃櫣馃殦馃槨馃櫂馃泬馃殔馃泚馃槥馃櫛馃様馃檼,0
馃樀馃洐馃洕馃殮馃毇馃槦馃槪馃櫩馃櫩馃泤馃槨馃殽馃洈,0
馃毈馃槾馃樆馃槾馃殫馃櫟馃毑馃櫁馃洀,0
馃洕馃檳馃殶馃櫟馃毣馃毤馃樆馃櫥,0
馃殦馃檼馃殦馃毤馃櫞馃檿馃泹馃櫞馃檹馃泟馃櫘,1
馃榿馃泧馃櫍馃槼馃櫞馃樋馃槨馃槪馃殘馃毟馃殨馃櫇,1
馃槞馃殬馃櫖馃殔馃殥馃櫆馃樂馃槣馃殔馃槥馃櫝馃泬馃槨,0
馃洂馃櫞馃櫅馃洓馃殣馃泦馃殼馃毠馃洊馃槹,1
馃槮馃毣馃殗馃毘馃毠馃槱馃殨馃樆馃殻馃檷馃櫐,0
馃檿馃槤馃槂馃櫠馃泹馃殮馃毢馃殘馃槰,0
馃櫛馃槡馃櫖馃槤馃殘馃毣馃泭馃毌馃殥馃櫟馃檽馃槈,1
馃洈馃櫖馃毉馃檹馃毜馃泹馃毥馃殏馃櫊,1
馃毉馃泹馃槖馃殗馃櫤馃樅馃榿馃毃馃榿馃櫠馃櫟,1
馃槷馃毜馃櫆馃槝馃櫊馃殑馃樆馃櫣馃櫩馃殜馃洜馃櫃馃槷,1
馃檽馃櫧馃樄馃檯馃檷馃殶馃殾馃泚馃殧,0
馃毎馃洊馃槚馃櫜馃毐馃毚馃殜馃殮馃構馃櫁馃殢,0
馃櫔馃殗馃槗馃樆馃檽馃殙馃殻馃洅馃櫄,1
馃洐馃槍馃毊馃槯馃櫙馃槀馃泙馃洅馃櫟馃槵馃毐馃櫝馃殱,0
馃槇馃樁馃榾馃槪馃洝馃毎馃檹馃櫃馃殑馃櫟馃殾馃槒馃様,1
馃毣馃泿馃檸馃洐馃樉馃殙馃槴馃洅馃殎馃樆馃櫆馃槝馃槓,1
馃洊馃毜馃洏馃泦馃毞馃殎馃殰馃洑馃櫩馃毊,1
馃殮馃泭馃泜馃櫖馃樅馃櫀馃毑馃槺馃殲馃毚馃櫇,1
馃櫣馃殲馃樆馃檧馃櫄馃毄馃檷馃櫧馃槰馃檰馃槺馃殎,0
馃殮馃泹馃櫚馃槶馃殾馃泤馃槷馃槶馃樃馃殝馃槪馃槝馃洀,1
馃榿馃泚馃洏馃毧馃檽馃檱馃泭馃泧馃殎馃樉馃槱馃毈,1
馃槻馃殏馃槍馃毚馃櫖馃櫤馃櫛馃櫂馃殯馃槯馃洔,1
馃殯馃槀馃槸馃殐馃檳馃殜馃樅馃櫥馃樀馃櫔,1
馃槱馃櫉馃櫈馃毄馃檼馃櫄馃櫏馃殎馃洕馃殯,0
馃樈馃樀馃櫋馃櫀馃槧馃洏馃槨馃毝馃槯馃櫚馃洜馃毧馃櫞,1
馃檭馃櫩馃殌馃櫄馃殰馃槏馃毞馃櫕馃殠馃櫏馃檵,1
馃櫨馃洅馃樅馃槃馃槢馃泟馃洐馃槵馃殏馃殥,0
馃檺馃殬馃櫘馃殾馃泬馃櫀馃檧馃殠馃槧馃槬,1
馃殠馃殎馃毧馃槓馃槫馃槼馃檱馃檨馃樇馃殤馃樈,1
馃毄馃櫟馃櫏馃槬馃泚馃槣馃樀馃樃馃毃馃毄,0
馃櫃馃槙馃洆馃櫔馃槍馃毊馃櫠馃洝馃槜,0
馃殦馃泩馃檯馃樂馃檧馃殟馃槤馃毥,0
馃殨馃泜馃檳馃櫕馃洔馃櫤馃樈馃櫎,0
馃殗馃殠馃殢馃櫩馃櫠馃殣馃檯馃檸馃櫣馃毜馃櫍馃檼,1
馃檮馃榾馃毟馃毧馃檷馃櫔馃榿馃洂馃洊,1
馃槀馃櫋馃檪馃槾馃榿馃檾馃櫇馃櫨馃櫃馃槫,1
馃槺馃槕馃殟馃櫞馃毚馃殜馃殰馃樈馃殥馃櫢馃樇,0
馃槱馃檨馃殢馃殝馃樈馃殞馃槳馃槃,0
馃槄馃洓馃樋馃槣馃櫍馃榿馃様馃槂馃槺馃櫈馃毐馃櫚,1
馃殱馃槆馃槖馃毄馃槨馃樇馃櫂馃櫤馃槱馃泭馃樃,1
馃槢馃毉馃樃馃毊馃櫎馃殾馃槆馃櫒,0
馃殩馃槸馃櫁馃洐馃洆馃槪馃殼馃毃馃櫦馃槢馃櫖馃檭,1
馃泝馃槺馃槞馃殢馃檳馃槬馃樉馃槢,0
馃洑馃殐馃殰馃殯馃槪馃毊馃樃馃櫚,1
馃槏馃檺馃槩馃櫣馃槝馃櫘馃檱馃櫨馃殤馃檸馃泬馃殽馃槃,1
馃殻馃樃馃槇馃殶馃櫨馃櫤馃櫘馃殌馃櫤馃檳,1
馃泟馃殗馃泜馃槫馃櫢馃櫏馃毠馃櫤馃櫐馃毌,1
馃槱馃槃馃泚馃毌馃樀馃殺馃殧馃櫣馃櫁馃櫠馃櫚馃櫦馃殜,1
馃殣馃槝馃櫠馃槒馃毤馃槤馃泤馃槶馃櫗馃槚馃殎,1
馃櫘馃殟馃殔馃構馃槺馃殺馃槀馃洂馃殧馃洃馃毤馃櫓馃殣,1
馃毃馃泬馃毠馃毘馃槏馃殝馃櫡馃殽馃毤馃槕馃槹馃櫟,0
馃槾馃櫁馃槴馃殧馃殌馃洊馃櫨馃櫨馃毃馃毉馃殏馃殬馃殲,1
馃槬馃槰馃櫄馃檶馃槪馃洝馃櫎馃檹,1
馃洜馃檳馃檾馃毈馃櫋馃殼馃殙馃櫩馃槹馃毉馃洃馃樄,1
馃洏馃榾馃槆馃檧馃槂馃槥馃泬馃榿馃洖馃槹馃檱,1
馃櫝馃殌馃殎馃槙馃櫒馃槪馃樆馃泬馃樃馃樄馃檭馃殌,0
馃槕馃檳馃櫗馃櫘馃泲馃殲馃毠馃槙馃殤馃槇馃毝馃櫀馃毎,1
馃泦馃櫌馃洅馃槢馃毊馃毃馃毧馃洃馃殢馃殠,0
馃櫠馃檲馃櫩馃檳馃殱馃槩馃殬馃洝馃洓馃毆,0
馃櫋馃毐馃槨馃檵馃櫕馃毃馃櫥馃樆馃櫄,1
馃槤馃槥馃櫨馃櫘馃殦馃槵馃殝馃殾馃樂馃槓馃毌馃檳馃洂,0
馃殫馃櫉馃檸馃檲馃殕馃槄馃檮馃洘,1
馃槧馃槉馃毟馃槶馃檾馃毇馃泙馃槞馃槍馃洊馃洃馃泟,1
馃檷馃毜馃檮馃櫔馃檵馃毀馃槸馃櫥,1
馃櫗馃殼馃槦馃殱馃槃馃殐馃殨馃槈馃槮馃檧馃毑馃殝,0
馃殦馃榿馃櫁馃樈馃泙馃殨馃泝馃槃馃泟馃殥馃槾,1
馃洔馃槚馃檱馃泝馃櫢馃槳馃櫛馃櫑馃洃馃槃馃樂馃櫡,1
馃櫂馃槪馃檸馃檹馃殟馃樀馃洕馃櫛馃毞馃殟馃泦,0
馃洊馃槻馃檷馃櫂馃槦馃殼馃櫟馃殭馃泤馃殯馃櫈馃殎,1
馃泹馃檴馃櫤馃槷馃槦馃櫤馃毚馃泜馃檯馃殶,0
馃洝馃洔馃槧馃洅馃洀馃檱馃櫧馃洊馃槡馃檱馃泦,0
馃泦馃櫇馃櫆馃櫎馃洆馃泭馃洅馃樈馃毎馃槝,0
馃毈馃殜馃樇馃殌馃槾馃槾馃殯馃檻,1
馃櫛馃殘馃殸馃檾馃泙馃櫙馃槦馃槴馃槆,0
馃洊馃槻馃殫馃槶馃槷馃槰馃洍馃櫍馃殝馃殯,1
馃櫊馃毌馃殙馃毢馃殺馃櫃馃洈馃殎馃櫣,0
馃槝馃櫑馃泦馃泦馃樂馃櫣馃洖馃槇馃櫁馃毈馃洐馃槳,1
馃泧馃毊馃檧馃槬馃檪馃洀馃殯馃泴馃櫒馃殥馃様,0
馃毌馃洆馃殱馃槥馃櫇馃櫏馃槰馃殔馃殹,0
馃様馃檳馃殥馃殸馃槬馃殽馃様馃殶馃殢馃槗馃殶,0
馃櫦馃槈馃槮馃檵馃泟馃泜馃槫馃槧馃毉馃構馃檯,1
馃殟馃槡馃槤馃槶馃殞馃樄馃櫑馃泚馃櫤馃榿,1
馃槺馃殨馃櫐馃櫍馃殗馃榿馃泧馃樉馃殠,0
馃槱馃槍馃檸馃槧馃槆馃殏馃殘馃檴,0
馃槝馃洜馃槫馃檧馃殨馃殲馃殎馃櫩,1
馃殏馃洅馃槙馃檭馃檽馃檿馃槒馃櫊馃櫦馃檪馃槥馃殰馃樉,1
馃槸馃槸馃槏馃殎馃洕馃櫡馃槗馃殻馃殘馃毑馃殶馃櫊,1
馃櫠馃洜馃檹馃槤馃櫩馃櫟馃殠馃櫙馃槰馃殙,1
馃榾馃槄馃殟馃槡馃毧馃毚馃洝馃櫇馃檵,0
馃殣馃殯馃樄馃槒馃檭馃櫦馃毉馃槞,1
馃櫃馃殌馃洏馃毤馃槴馃毤馃洂馃櫖馃櫕馃槇,0
馃槪馃櫒馃泝馃泭馃櫒馃毟馃洃馃槍馃櫟馃櫩馃殭,0
馃殏馃檴馃洀馃毘馃槑馃槨馃毦馃檶馃檾,0
馃殘馃槳馃槡馃毎馃檯馃泚馃殸馃樈馃槗馃泦馃檽馃毣,1
馃櫠馃槯馃檾馃槇馃槶馃様馃櫜馃毚馃泴,0
馃檶馃櫗馃泤馃檰馃檳馃毉馃槚馃洕馃櫞,0
馃殻馃櫑馃殹馃櫠馃榾馃洅馃殯馃殕馃槗,1
馃槜馃毉馃毃馃槄馃毇馃殣馃槸馃槶,1
馃櫢馃毊馃殫馃樈馃槪馃槞馃洏馃櫨馃槜馃櫤,1
馃槦馃殶馃檧馃樂馃槓馃殜馃檶馃櫎馃槤馃櫔,0
馃櫀馃槗馃櫂馃殶馃泬馃殠馃殯馃櫎,1
馃檵馃槵馃毇馃毝馃槕馃洂馃毈馃殌馃様馃毜,1
馃櫐馃殮馃殸馃櫓馃槾馃槻馃泜馃殝,1
馃槱馃洀馃檴馃泜馃檳馃櫘馃槑馃槞馃櫖馃毧馃樋,1
馃殎馃櫜馃櫅馃殹馃槝馃櫧馃槓馃檮馃櫒馃殔馃樀馃樂,0
馃櫀馃檷馃毞馃殔馃毐馃櫌馃毐馃櫥馃樀馃殨馃槕,1
馃殔馃櫒馃櫧馃毠馃槯馃洏馃槒馃槝,1
馃櫙馃殨馃様馃毟馃泩馃泴馃殢馃榾馃槨馃槨,1
馃殝馃櫏馃槷馃泦馃檭馃毘馃殭馃洀馃洆馃殺馃泿,0
馃榿馃洖馃櫅馃槣馃檪馃檽馃櫦馃槍馃殲馃毠馃檻馃泜,0
馃櫋馃殔馃殟馃殸馃櫅馃櫌馃槸馃槯馃槦,1
馃毥馃槩馃洝馃殫馃槥馃槓馃槂馃殻馃櫗馃櫌,0
馃槦馃毝馃泜馃泬馃殱馃洅馃殞馃櫐,1
馃毠馃櫀馃槼馃櫉馃榿馃櫚馃殽馃殸馃樇馃洃馃殏馃槆,0
馃櫗馃檽馃殐馃洐馃槖馃殽馃櫠馃泜馃毄馃樋馃櫞馃櫠,0
馃櫔馃毀馃洐馃槕馃殢馃毚馃檰馃構馃檷,0
馃櫐馃泴馃殎馃檴馃檹馃洔馃檪馃槬馃殱馃殗馃檮,1
馃殠馃殏馃殎馃殧馃檨馃殾馃槅馃櫗,0
馃槕馃毐馃樃馃殝馃樉馃樅馃毀馃殘馃泹馃毀馃殧馃檽,0
馃毎馃樀馃槰馃櫡馃槆馃洖馃洑馃殕馃毠馃毥,1
馃樀馃櫍馃殣馃槸馃殽馃檷馃殤馃毆馃槡馃槬馃櫄,1
馃毃馃毆馃櫢馃檿馃殶馃櫕馃槧馃泟馃槀馃洃馃櫏,1
馃殮馃槈馃洀馃殣馃洏馃櫋馃洀馃泚馃檵馃樇馃槚馃殦,1
馃毊馃毄馃殽馃殔馃槵馃檶馃殰馃槰馃櫥馃殬馃毣,0
馃槚馃槜馃櫎馃槺馃檧馃槴馃槄馃様馃洈馃殧馃毤,0
馃洏馃槗馃殘馃檾馃毈馃殥馃毜馃槱馃槞馃槱馃檪馃殨馃槕,1
馃毉馃殰馃殩馃毊馃樅馃毎馃樉馃槑馃櫁馃洝,1
馃槰馃槒馃洕馃槶馃櫂馃殤馃槝馃櫤馃櫋馃殜,0
馃殹馃槜馃槓馃殎馃樃馃櫎馃泭馃槨馃殣馃洅馃殩,1
馃殲馃泴馃殎馃櫞馃洈馃櫘馃櫌馃毦馃毎,0
馃槼馃櫀馃殯馃毎馃槢馃櫢馃洜馃檵馃檮馃槍馃洝馃殥,1
馃泙馃檶馃毦馃毇馃檨馃槶馃櫧馃洑馃殨馃檭馃櫂馃槝,1
馃槗馃殢馃殾馃槦馃槴馃殺馃殕馃櫘馃槑馃櫤馃檯,1
馃槇馃槍馃毑馃槈馃槡馃毝馃殩馃櫑,0
馃殏馃洃馃槇馃槦馃殦馃櫔馃洀馃槉馃殲馃槤馃槮馃構馃檯,0
馃殜馃毤馃槑馃毟馃槞馃殕馃殝馃槑馃槶馃檶馃毤,1
馃槢馃殮馃櫥馃檲馃洑馃槹馃槉馃槯馃槑馃樈,1
馃殱馃櫧馃櫍馃洃馃槈馃槚馃毧馃殜馃毌,0
馃槖馃榿馃洃馃殶馃殕馃檧馃殰馃毘馃櫕馃槣馃槧,1
馃櫏馃樁馃槯馃殰馃殕馃殺馃殜馃槗馃毢馃檮馃櫈馃櫨,0
馃洖馃洔馃殝馃泜馃洘馃櫜馃櫒馃殟,0
馃構馃槞馃槨馃毦馃泹馃櫚馃槫馃洂馃槍馃檼,0
馃樃馃殝馃泬馃櫐馃槜馃構馃櫣馃槪馃槅馃櫞馃槓,0
馃櫎馃殐馃櫈馃毃馃泲馃槼馃槝馃槼馃樀馃櫇馃槶馃泬馃槓,1
馃泬馃槧馃洃馃櫐馃櫁馃槥馃殺馃殠,1
馃檵馃槆馃殌馃樋馃槞馃櫓馃櫈馃毇馃槺,1
馃槪馃毘馃洍馃泴馃殏馃櫦馃槼馃櫇馃櫟馃泜馃槹馃櫕,1
馃槂馃櫊馃泤馃樃馃櫌馃槻馃洃馃洉馃泿馃泲,1
馃槈馃櫔馃毉馃槆馃櫢馃櫖馃毚馃毠,1
馃樁馃櫨馃槀馃殽馃洊馃槤馃檪馃殥馃様馃櫖馃檮,1
馃毃馃槄馃櫐馃毊馃泤馃櫅馃毑馃檽馃櫒馃殢馃泜馃槒,1
馃槆馃櫊馃樇馃洉馃櫤馃毘馃毑馃槖馃泧馃殾馃槍馃洉,1
馃槞馃檼馃殝馃檼馃槯馃櫨馃槒馃殸,0
馃洕馃樀馃槞馃櫖馃洈馃殐馃洏馃槸馃毃,0
馃檹馃樇馃殭馃樉馃槑馃檸馃櫗馃櫡馃槢馃殸,1
馃殞馃毚馃洉馃毝馃洈馃槑馃泬馃櫑馃槖馃泭馃檨,0
馃槬馃槞馃槨馃槩馃槷馃洍馃槄馃櫈,0
馃檸馃櫎馃殤馃檨馃槑馃泤馃槾馃洊馃殤馃櫇馃檷,1
馃殕馃殱馃毦馃櫎馃檮馃槤馃毑馃槮馃樅馃櫗馃洓,0
馃檹馃櫑馃槬馃洂馃殸馃檧馃洓馃毥馃殰,0
馃樀馃槈馃檱馃槣馃樅馃槱馃櫩馃槆馃檱,1
馃檾馃櫤馃槫馃檮馃洂馃櫅馃櫚馃槧馃櫑,1
馃榾馃殾馃洔馃檴馃殶馃櫕馃檨馃洉馃洕,0
馃殼馃洂馃檶馃槞馃櫖馃槈馃殭馃槡馃槄馃殝馃槺馃檺,1
馃殙馃槵馃櫠馃毎馃毉馃槵馃槖馃毧,0
馃櫃馃櫘馃殘馃櫝馃槍馃殩馃櫃馃殹馃櫊馃櫁馃槀馃檷,1
馃泤馃槗馃殼馃櫎馃洜馃毜馃檨馃毝馃洓馃櫉馃泭,0
馃殗馃槧馃檮馃洘馃櫠馃檵馃洅馃殔馃檾馃榿馃殣馃樈,0
馃櫒馃殌馃泿馃槶馃毤馃檨馃櫘馃毠馃檮馃殑馃櫙馃毀,0
馃毑馃槩馃檭馃殣馃殢馃槣馃殩馃檨,0
馃泴馃殤馃槅馃毈馃櫙馃洓馃殗馃檻馃櫖馃櫌馃樅,1
馃毟馃檾馃殽馃槂馃樅馃殐馃槨馃櫒馃殰馃檺馃構馃檻馃殢,1
馃檨馃櫡馃洆馃櫞馃毉馃槱馃槙馃毆,1
馃毢馃殮馃檮馃殮馃殯馃槙馃殐馃毢馃槀馃櫟,1
馃櫇馃洂馃槫馃槺馃櫛馃毣馃毘馃櫨馃殯馃洍馃毧,0
馃櫒馃槕馃毠馃洂馃櫖馃檰馃檻馃毟馃泬馃殗馃毈,1
馃殸馃槅馃毟馃槻馃泚馃槧馃槼馃槣馃槤,0
馃殰馃毐馃槕馃毌馃毇馃槈馃槝馃毘馃櫞馃槏馃槡,1
馃槑馃殩馃毆馃毎馃洀馃槷馃泲馃槱,1
馃様馃毧馃洈馃洊馃檸馃槫馃櫛馃殼,0
馃殌馃槚馃殏馃槂馃槺馃槴馃樋馃泲馃櫣馃洔馃槚馃槹,1
馃殱馃槱馃殬馃槝馃毤馃洕馃櫉馃櫞馃櫆馃毈,1
馃櫓馃櫟馃櫚馃檻馃檨馃殻馃槖馃櫙,1
馃櫑馃殾馃殯馃毦馃槼馃櫆馃洖馃櫊馃泚馃泭,1
馃檽馃槀馃殬馃殫馃櫃馃櫠馃殬馃槡馃櫃馃殱馃洔馃毀馃泬,0
馃檼馃槵馃槶馃毦馃櫅馃槾馃櫉馃櫚,1
馃洉馃檺馃殩馃洊馃洘馃櫝馃槨馃櫐馃槢馃櫘馃槾馃洈馃槅,0
馃櫚馃槅馃槰馃殘馃檳馃檮馃殞馃毇,1
馃槶馃殨馃櫘馃樆馃檷馃泜馃櫥馃洍馃槆馃櫋馃泿,1
馃檱馃檿馃櫑馃槆馃櫧馃泜馃檮馃殶馃櫙馃槥馃殹,1
馃殌馃櫘馃櫧馃櫣馃櫔馃櫩馃槪馃槍,1
馃殔馃檿馃殬馃毉馃檧馃槏馃殔馃槣馃檼馃毝馃殐,1
馃槚馃檸馃檺馃檹馃殨馃樂馃殥馃殔馃泹馃槑馃檮,1
馃槃馃檳馃櫒馃泝馃殌馃泲馃樇馃殱馃殑,1
馃殌馃檲馃槚馃櫘馃殰馃槷馃櫚馃毞馃殩馃槬馃檭,1
馃櫚馃毧馃毐馃毥馃櫣馃檧馃槉馃洝馃櫄,0
馃毀馃様馃毦馃槙馃檶馃槒馃毜馃櫕馃槸馃毘馃殦馃檮,1
馃殨馃檰馃櫇馃樃馃櫞馃殫馃櫥馃泧馃殟馃櫞馃槳,1
馃殨馃毢馃洈馃樇馃殣馃毝馃泙馃泴馃洆,0
馃槶馃櫒馃樁馃毃馃毉馃毦馃櫆馃泜馃泹馃殢馃毧馃樇,1
馃槫馃殯馃樀馃樀馃槨馃槅馃毚馃檰馃櫗馃洜馃櫉馃泴馃槶,1
馃槅馃毑馃樉馃櫦馃殤馃槈馃殻馃毎馃槍,0
馃殗馃泝馃泲馃櫅馃檼馃殧馃様馃洉馃殻馃槦,0
馃殽馃洅馃櫟馃毣馃洊馃洅馃樃馃泧馃樀馃槢馃毝馃檴,1
馃毃馃洆馃槺馃槝馃槹馃樉馃櫆馃泝馃槍馃櫢馃殲馃槞馃櫥,1
馃樂馃樉馃毐馃槧馃櫕馃檽馃檯馃殤馃泴馃槆馃毀馃毚馃槍,0
馃櫦馃檯馃洏馃檼馃毞馃槢馃泝馃泚馃櫁馃泹,1
馃檮馃洆馃毇馃檭馃泜馃槫馃櫍馃檱馃毞馃殤,0
馃泝馃毢馃洈馃櫔馃櫇馃毦馃殺馃泦馃毠馃毢,1
馃槑馃櫉馃殼馃櫥馃檳馃殱馃毈馃殣馃槱馃櫎馃殣馃榾,0
馃檯馃殏馃槞馃樃馃殹馃毉馃殥馃槤馃殕馃櫆馃洈馃櫐馃泤,0
馃槯馃殕馃檴馃樋馃槗馃檽馃櫂馃檿馃毤馃殌,0
馃洂馃殥馃殟馃泴馃洔馃槵馃殲馃槮,1
馃櫊馃樅馃様馃檽馃洊馃槡馃殺馃櫌馃洀馃櫐馃殬馃槡,0
馃洉馃毞馃樇馃毃馃櫀馃櫋馃槷馃槹馃毢,0
馃槰馃毘馃槅馃洔馃樀馃櫏馃樃馃殐馃殥馃槗馃櫓,1
馃櫃馃槸馃櫀馃櫉馃殕馃槓馃櫧馃構馃洅馃櫔馃檺馃殙馃殫,0
馃樄馃殞馃檮馃櫃馃檽馃洑馃櫨馃殐,1
馃櫛馃洅馃泦馃槤馃檱馃櫡馃槧馃槡馃槈,0
馃泟馃毤馃毄馃洃馃樋馃泦馃殜馃毈馃樆馃檰馃泬,1
馃洜馃毈馃槩馃泙馃殧馃毚馃槍馃槨馃槼馃槇馃樅馃殶馃櫌,1
馃櫍馃洘馃櫨馃櫑馃槞馃殺馃槨馃檹,0
馃槰馃槮馃櫜馃樈馃泬馃殑馃殐馃洓馃櫠馃殌,1
馃樂馃櫚馃槙馃檴馃檧馃洕馃槢馃檾,0
馃槩馃槖馃毣馃殨馃櫐馃洍馃殕馃榿馃洓馃殧,1
馃洊馃洝馃泴馃毚馃槤馃泝馃毜馃樋馃毚馃毃,1
馃櫄馃槰馃洑馃泝馃様馃泙馃槫馃毎,1
馃毆馃殦馃槢馃櫘馃櫋馃毝馃檰馃殮馃槤馃殩馃毤馃櫝馃櫘,1
馃樇馃殗馃様馃櫉馃檽馃槳馃殠馃槙馃櫞馃洓馃殬,0
馃櫡馃殥馃槖馃櫓馃槕馃毜馃檭馃洖馃殮馃檭馃樃,1
馃殌馃櫦馃洀馃櫞馃櫝馃櫇馃櫓馃殺馃毞馃檺,0
馃槂馃毀馃櫒馃毐馃毦馃槉馃櫈馃殶馃檰馃殻馃毇馃櫏,1
馃洑馃泟馃槳馃槱馃毃馃殘馃泟馃槝馃櫢馃榿,0
馃槮馃櫕馃殰馃泟馃洑馃殘馃櫗馃殝,1
馃殬馃殰馃櫃馃檮馃槣馃槂馃槞馃槂馃洓馃泜馃槸馃殥馃殥,1
馃泚馃櫣馃槗馃毉馃槨馃櫉馃槡馃泲馃殾馃櫎馃櫗馃槃馃櫏,0
馃檪馃毣馃櫂馃檵馃槜馃毧馃櫋馃櫇馃櫚,1
馃櫘馃櫗馃殔馃殜馃殭馃毟馃櫘馃殹,0
馃殏馃櫧馃樇馃殥馃泩馃槡馃殞馃殥馃櫏馃櫌馃槫,0
馃檷馃槾馃槺馃泹馃檶馃殘馃毦馃殧馃槤馃檪馃殸,1
馃殦馃檻馃櫔馃洓馃槫馃槷馃殰馃槗馃櫗馃槯馃槪馃櫙馃毘,1
馃樀馃櫧馃洝馃檻馃樅馃殬馃槯馃泜馃櫛馃毝,1
馃槞馃槼馃櫩馃櫗馃洜馃毐馃毉馃毊馃櫧馃泭馃泙,0
馃構馃洉馃毚馃洐馃毆馃洔馃毎馃殙馃泚馃槜馃櫩馃櫜馃槬,0
馃泹馃槪馃檪馃櫍馃櫜馃殽馃槚馃殥馃檵,0
馃毧馃櫍馃櫇馃毉馃樂馃毝馃檷馃櫜,0
馃檾馃毆馃檻馃殩馃槩馃毆馃櫉馃槼馃毜馃櫇,1
馃洍馃櫞馃殮馃洉馃櫎馃毊馃殺馃櫞馃槒馃檶馃櫄,0
馃槏馃毇馃殨馃殣馃泲馃槏馃殠馃殹馃殨馃櫟馃檪,1
馃殲馃泤馃殻馃檰馃檷馃毢馃泲馃殙馃槨馃櫅馃殤馃泩馃殟,1
馃檸馃毞馃殥馃毌馃泧馃槗馃櫣馃櫂馃殺馃泦馃櫟馃櫤馃槹,1
馃檷馃殢馃槄馃泬馃櫤馃樅馃毤馃檮馃櫉馃櫜馃殽馃毦,1
馃櫜馃槢馃毆馃洈馃櫏馃殎馃榿馃檶馃樀馃毃馃殐馃殹馃洆,0
馃檭馃殩馃毟馃殎馃槦馃檿馃殾馃槜馃櫞馃槴,1
馃槚馃殸馃毣馃槖馃槑馃泩馃櫕馃櫎馃檽馃櫠馃殑,1
馃殑馃殢馃洝馃殯馃洊馃殽馃櫈馃槫馃櫜馃櫗,1
馃洑馃櫝馃櫡馃殰馃櫐馃槆馃槪馃櫨馃洂,0
馃泙馃槝馃檽馃檨馃櫠馃槡馃檮馃檾馃檪馃槅馃槧馃毐,1
馃洆馃檮馃檧馃槱馃毀馃榾馃櫥馃槒,0
馃櫖馃檯馃櫐馃檶馃檿馃毤馃毤馃槥馃槦馃殢馃毈,1
馃泝馃檳馃毚馃殩馃櫆馃槾馃櫃馃櫤馃洏,1
馃樉馃様馃槬馃槄馃殠馃毊馃檯馃殤馃殤馃槗馃洍馃櫤馃毇,0
馃櫛馃槃馃殧馃櫢馃洐馃樉馃槷馃毣馃毥馃殏馃槗,1
馃殔馃櫙馃洆馃檶馃槰馃槄馃櫡馃櫀馃様馃洕馃櫤,1
馃槱馃毉馃槩馃洍馃殭馃槏馃洐馃槱馃殹,1
馃槚馃槧馃泬馃樅馃洈馃泲馃構馃樁馃殕馃樀馃櫜,1
馃樇馃檱馃櫧馃槑馃槅馃殢馃泿馃槃,0
馃毈馃殦馃槣馃殌馃櫎馃毧馃櫛馃毎馃槧,0
馃櫣馃櫉馃泹馃櫐馃榾馃櫓馃毣馃檨馃洓,0
馃洅馃櫖馃殗馃毥馃檿馃檹馃殠馃殑,1
馃槫馃櫢馃槒馃様馃殱馃毣馃殻馃洝,1
馃殙馃洏馃檱馃殮馃檷馃樆馃毆馃櫐馃樂,1
馃槸馃洏馃檴馃泿馃槥馃洂馃殙馃榾馃槀馃槯,1
馃櫣馃毐馃殥馃槕馃槅馃毤馃殫馃殫馃檹馃毞馃毣,1
馃槰馃毉馃殱馃榿馃櫒馃洆馃櫎馃槻馃槃馃樋馃洂,1
馃様馃殜馃檮馃殺馃槾馃櫙馃檼馃樋馃泴,0
馃槵馃毠馃櫃馃泟馃殌馃櫙馃櫦馃殨,0
馃殑馃毃馃槣馃洅馃泚馃泧馃殼馃樈,0
馃殭馃殜馃殭馃泧馃榾馃櫊馃殬馃殥馃泙馃檲馃毦馃櫅馃槢,1
馃檻馃毇馃泧馃槻馃樉馃櫈馃櫏馃榿馃槴馃槖馃殎,0
馃槻馃殯馃洏馃洀馃槵馃檴馃槑馃殟馃槅馃櫋馃槄馃毚馃洆,1
馃槝馃樀馃檷馃槍馃檵馃毘馃洉馃毌馃殞,0
馃櫎馃槣馃洔馃洀馃檿馃泬馃殰馃毎馃槑馃毜馃槍馃殜馃櫋,0
馃槍馃構馃泙馃櫄馃殝馃櫆馃泝馃毐馃殟馃櫐馃櫒馃櫊馃殞,0
馃殦馃殬馃槄馃櫞馃殑馃槝馃槀馃殹馃殔馃毦,0
馃櫝馃檺馃櫖馃殞馃槳馃槦馃槈馃槣馃殑馃櫝馃殦馃檺馃殐,0
馃櫔馃殘馃檨馃洓馃櫞馃殧馃槧馃樀馃毠,0
馃檷馃洔馃殣馃槶馃槒馃槳馃櫕馃殰馃櫓馃殰馃泙,1
馃檭馃檴馃槜馃泤馃泹馃櫚馃洀馃殣馃殰馃櫓馃槹馃櫖,1
馃檾馃櫄馃毢馃榿馃槀馃檺馃櫧馃槧馃櫍馃殠馃泿馃檻馃洔,0
馃檧馃槺馃樆馃槯馃毧馃樂馃槵馃槯馃樆,0
馃毣馃槦馃殧馃泩馃檶馃槸馃櫑馃檽,1
馃槮馃櫡馃毚馃殞馃櫌馃殸馃槡馃泧馃槤馃槳馃櫢馃殰馃檱,1
馃樂馃槉馃殝馃槳馃櫣馃毑馃檴馃槍馃毘馃泤馃泙馃洑馃泩,0
馃槖馃櫔馃殨馃槑馃櫜馃毄馃殤馃櫝馃櫚馃櫒馃檲馃檾馃殰,1
馃樇馃櫄馃洂馃殐馃槇馃槺馃槶馃泝馃櫃馃檯馃泩,0
馃樄馃槗馃毄馃檪馃櫟馃槾馃槈馃櫝馃檶馃櫏,1
馃檽馃櫚馃樈馃槄馃櫍馃樇馃槕馃泲馃檪馃櫛馃櫥,0
馃洃馃槚馃槓馃槇馃槶馃槵馃檴馃檮馃毟馃殮,1
馃殶馃洝馃洝馃毆馃毀馃泿馃榿馃檭馃毠,1
馃毠馃毇馃槀馃殦馃洘馃洍馃泝馃槼馃殻馃槸馃槾,1
馃毟馃檶馃槗馃毧馃櫊馃洈馃櫈馃櫍馃泙馃槅馃槦馃泤馃檯,0
馃毞馃毤馃檶馃櫈馃殮馃櫅馃毌馃櫣馃檳馃槄馃毐,0
馃洔馃洜馃殌馃毚馃泿馃殎馃櫂馃櫀馃洊,0
馃櫁馃櫕馃檴馃洐馃殣馃檮馃槮馃殬馃槰馃毢馃殘馃槅,0
馃泹馃櫁馃槷馃檨馃櫠馃櫐馃檽馃槀,1
馃櫂馃洘馃槤馃櫈馃毀馃櫁馃泴馃槷馃泟馃檰馃毟,1
馃殘馃洈馃殑馃櫛馃殮馃樉馃榿馃槧馃槑,1
馃毝馃櫠馃泹馃泦馃櫒馃殏馃殾馃檨馃泧馃櫑馃殲馃殸,1
馃殜馃毞馃槯馃樃馃泲馃殽馃櫑馃泹馃槱馃殌馃櫂,0
馃泩馃槪馃泧馃櫣馃殩馃槒馃殼馃泲馃泹,1
馃槢馃檽馃毆馃櫛馃毎馃櫆馃槬馃槷馃槉馃槅馃殣馃殬,1
馃檷馃櫄馃槴馃槇馃樃馃殸馃槥馃殫馃櫒馃櫒馃槖,0
馃洊馃槦馃毠馃毦馃槮馃槃馃槚馃檪馃櫢馃櫂馃槕馃毈馃殭,0
馃檺馃槹馃槆馃殬馃槹馃殱馃毥馃毞馃殣馃殹馃泭,1
馃檯馃構馃榿馃毊馃毉馃洃馃檾馃樀馃様馃櫉馃洘馃檶馃槴,0
馃洏馃槙馃毤馃殩馃殻馃槈馃櫝馃毟馃檲,0
馃槷馃櫤馃洈馃槢馃槹馃檺馃槯馃櫄馃檱馃櫁馃櫑馃槑,1
馃殟馃槈馃泩馃櫆馃毉馃櫚馃洘馃殹馃毑馃洂馃殌馃樃馃槙,1
馃殱馃殭馃洓馃殰馃檵馃殢馃泧馃檱馃泙馃櫖馃檵馃殙馃殑,1
馃殣馃槾馃殑馃洘馃槾馃殝馃泭馃檯馃殾馃毇馃殞馃槏,1
馃檭馃槩馃槷馃槇馃洂馃殗馃洉馃毀馃檴馃樉馃殤,0
馃毑馃櫇馃毞馃毄馃槼馃殽馃檷馃槷馃槍馃洀馃洘馃毜,0
馃泤馃櫟馃槱馃殠馃槑馃櫙馃洍馃構馃洜馃洈馃槣馃槯,0
馃櫜馃櫊馃櫓馃槬馃槵馃櫉馃殘馃檮馃殏,0
馃泜馃櫖馃洊馃檻馃檿馃櫔馃櫉馃殙馃櫋馃槪,1
馃毈馃櫊馃槖馃泴馃檭馃櫣馃櫦馃槯,1
馃檯馃檧馃櫩馃櫖馃檵馃殹馃槵馃洀馃榾馃泜馃殽,1
馃櫅馃櫇馃櫃馃毀馃櫀馃檯馃洘馃槓馃泩馃洜馃槣,0
馃毈馃洏馃毊馃毄馃檸馃殸馃殢馃檽馃槏,1
馃殾馃樁馃槆馃毞馃殠馃殬馃殱馃殤馃樆馃櫐馃殭,1
馃殘馃洍馃毦馃槀馃毊馃殤馃洀馃櫃馃殑,0
馃泹馃泤馃槬馃櫊馃殰馃櫛馃櫢馃泩馃殑馃殽馃毆馃洂,0
馃殢馃毌馃檷馃槧馃毄馃洅馃櫃馃檯,0
馃榾馃槒馃殱馃櫠馃殦馃殽馃槮馃檾馃殶馃槵馃槱,0
馃殌馃槹馃槶馃毄馃毝馃槴馃洖馃泟馃櫍馃泿馃槝,0
馃檪馃檿馃樉馃檷馃殑馃櫖馃殬馃槚,0
馃毄馃榿馃殐馃洘馃槙馃櫠馃榿馃殘馃洘馃毈,1
馃毇馃殘馃檶馃殮馃檷馃檱馃樁馃檻馃櫄馃殜馃洔,1
馃榾馃泟馃櫄馃毤馃洃馃槄馃槢馃櫡,0
馃櫐馃殯馃泟馃櫞馃殨馃榾馃殣馃洈馃檲馃殢,0
馃檳馃櫎馃殙馃櫄馃殜馃槖馃櫊馃洅馃洅馃洘馃泚馃泴馃殽,1
馃槵馃槧馃櫟馃殎馃泚馃櫜馃槣馃毚馃檮馃殬馃櫦馃泤,0
馃洍馃櫖馃櫤馃樁馃槮馃洉馃殲馃槜馃洜馃槅馃洃,1
馃毉馃槺馃樅馃櫕馃泭馃槢馃槥馃櫢馃殻馃様馃殰,0
馃毉馃殗馃殤馃檿馃殺馃殾馃櫀馃殤馃櫨馃泚馃毝馃槻,0
馃槗馃様馃毀馃洆馃毃馃槡馃檽馃泙馃洍馃殏,0
馃槏馃櫣馃毧馃洕馃檲馃檼馃殭馃毚馃櫟馃殗,0
馃櫃馃櫣馃櫒馃槧馃洉馃毥馃櫚馃櫑,1
馃毃馃毧馃毣馃槆馃檲馃櫛馃殯馃樈馃毧,1
馃毣馃櫙馃殶馃檿馃洕馃檵馃毣馃槸馃殽馃毞馃殲馃構馃泝,0
馃殼馃檭馃毟馃泿馃槪馃槃馃櫂馃櫉馃櫔馃檸馃櫂,0
馃殼馃樋馃洂馃殲馃櫥馃槙馃檳馃毑馃泝馃槍馃洆馃檮,0
馃槦馃殱馃檨馃槧馃槺馃毄馃殾馃槀馃殼馃殏馃殭馃洘,0
馃洊馃櫊馃毦馃洃馃槙馃洔馃槰馃構馃洕馃殥馃殕,0
馃殻馃樂馃槡馃櫃馃檮馃殕馃槮馃毃馃毌馃洜馃殫馃様馃櫒,1
馃殠馃櫎馃槀馃槡馃槢馃殣馃泹馃槻馃殑馃洘,1
馃殰馃槙馃殔馃櫀馃洝馃殲馃檭馃槣馃檳馃殹,0
馃毞馃槃馃櫧馃櫣馃毞馃櫘馃櫟馃殑馃殹馃毑馃槣,0
馃泭馃槰馃殗馃槰馃櫧馃毚馃槢馃槤馃槷馃槫馃櫩馃泙馃槆,0
馃檭馃洑馃槮馃洔馃殧馃樃馃槉馃洉馃泴馃檪馃櫢馃槦,1
馃檰馃泹馃洝馃殘馃櫝馃殯馃殨馃槉馃槇馃槧馃泚馃槹馃槥,0
馃檻馃槤馃殞馃槓馃樄馃櫀馃泴馃櫄馃槖馃樄馃櫊馃殰,0
馃殠馃樇馃殢馃殤馃殹馃櫩馃殥馃櫝,0
馃毠馃檱馃毑馃檿馃洐馃樂馃樈馃櫢馃殮馃櫅馃檴,0
馃泹馃毌馃槨馃毚馃樈馃槚馃洕馃槻馃洍馃毎,0
馃櫠馃泤馃殔馃毝馃槙馃檸馃殎馃樋馃樈,0
馃槮馃洉馃櫂馃檸馃毀馃洑馃櫢馃殕,1
馃殔馃樅馃殯馃殹馃殧馃槧馃殌馃樇馃洀馃殣馃檽,0
馃殙馃殶馃槱馃洖馃毚馃櫛馃樉馃櫊馃洈馃泧馃毞馃檮馃泚,1
馃毊馃毧馃殢馃槕馃樁馃槙馃殏馃槗馃檧馃洅馃毝,0
馃殭馃洅馃槥馃櫚馃殮馃殬馃櫢馃槣馃槂馃槳馃毣,0
馃櫊馃櫢馃檷馃洜馃殨馃洂馃洝馃洉馃殮馃槈馃櫏馃槮馃洅,0
馃槓馃毥馃櫞馃洍馃櫉馃檿馃檾馃槞馃泿,0
馃泙馃泚馃檨馃櫗馃樆馃榾馃殠馃櫂馃洂馃洃馃洏馃櫞,0
馃泬馃毧馃槍馃榿馃櫒馃檭馃槝馃檹馃殻馃櫄馃槀,1
馃槵馃櫡馃泲馃櫆馃泿馃榿馃毉馃樃馃櫔馃檾馃檼,0
馃毞馃槝馃櫍馃毥馃槫馃檹馃櫌馃檻馃泟馃槵馃槳馃槈,1
馃毃馃泲馃槫馃槵馃櫖馃殩馃樇馃櫉馃櫦馃毚馃殹,1
馃櫛馃洂馃毦馃櫁馃槝馃槝馃槃馃槪馃櫛馃毉馃樀,1
馃洔馃殾馃櫌馃檨馃櫗馃毇馃樂馃槩馃櫝馃樃馃毉,1
馃樂馃毠馃槵馃殶馃毞馃殲馃櫛馃槰馃洜馃殔馃殢馃槼馃槤,0
馃洘馃洃馃櫊馃殝馃様馃構馃櫆馃檯馃殢馃槾,1
馃櫖馃櫝馃殤馃檮馃樇馃樋馃檹馃櫈馃檲馃槉馃槈,0
馃毃馃槸馃櫔馃泹馃槚馃槱馃洊馃檼馃檮馃槙馃槂馃櫦馃泜,1
馃毀馃檻馃毎馃櫡馃檽馃殥馃槸馃櫀馃泩馃槤,0
馃殑馃泿馃殦馃槴馃殶馃洃馃槓馃櫥,1
馃殻馃洘馃槶馃殺馃槈馃槴馃櫦馃樄馃泦馃泙,1
馃櫏馃殺馃泹馃槒馃櫈馃洅馃櫛馃槃馃殗馃殱,0
馃槉馃櫩馃毘馃殰馃毀馃櫃馃殮馃泟馃洓馃槬,1
馃毎馃櫄馃樈馃槱馃槫馃槺馃殱馃泦馃毑馃櫐馃殶馃櫠,1
馃檪馃樇馃槡馃槻馃櫢馃檨馃殣馃洈馃樉,0
馃泤馃構馃洕馃洘馃槸馃槡馃殥馃殠馃洓馃檳,1
馃槥馃泲馃檪馃洖馃殟馃槀馃檺馃殽馃樋馃樄馃槂馃殧馃泟,0
馃毃馃櫀馃殦馃泟馃殢馃櫦馃毟馃槺馃樇馃殐馃毝馃毆馃槪,0
馃殼馃檽馃泲馃槙馃槱馃槱馃泜馃槳馃櫘馃殼馃殥馃槃馃槫,0
馃殯馃槳馃槧馃櫊馃櫐馃殤馃櫄馃殻馃槦馃毄馃槀,0
馃櫀馃槝馃槂馃毣馃洆馃槤馃毊馃樇馃洈馃殗馃毘,0
馃櫤馃毟馃泙馃槗馃槦馃毇馃泬馃毟,1
馃櫖馃樂馃櫤馃樇馃櫤馃槃馃槉馃櫥馃槜馃泩,1
馃榾馃槻馃槼馃櫁馃檹馃檧馃洂馃殮馃殯,0
馃槮馃槝馃槚馃洏馃檺馃殝馃槡馃洂馃洀馃泭馃殘,0
馃櫡馃殗馃殭馃槨馃殩馃檮馃毟馃檸馃槜馃洀馃殨,1
馃毚馃毑馃泜馃洕馃毌馃槨馃槨馃櫎馃毚馃洔馃毟馃槞馃櫊,1
馃様馃洜馃槱馃櫁馃檲馃櫉馃殰馃櫇馃毘,1
馃毜馃殦馃樂馃櫈馃櫚馃櫢馃櫢馃毠馃櫀,1
馃殏馃殰馃毄馃殲馃樀馃榾馃洜馃槂馃櫨馃洏馃洂馃槏,1
馃毧馃泝馃毠馃檪馃槧馃泙馃洓馃泿馃樁馃毣,0
馃槦馃洐馃殶馃檿馃槄馃洑馃檾馃殲馃殨馃槓馃毥馃泟馃槅,1
馃槕馃槕馃殌馃毞馃槨馃槱馃毃馃毄馃殱,1
馃櫇馃檶馃毎馃殱馃檧馃槪馃泧馃槆馃毄馃櫛馃槀,1
馃洊馃櫐馃殸馃樅馃殎馃檯馃槼馃洅馃樈馃様馃檿馃洊馃毀,1
馃槍馃櫂馃毠馃洔馃殘馃槕馃殰馃櫕馃殦馃櫅馃檿馃槍,1
馃櫉馃樈馃槜馃檻馃毎馃檵馃樁馃槫馃槝馃槸馃槀馃泹馃槳,0
馃洃馃樁馃槗馃殌馃槉馃洖馃櫗馃槉馃槙馃檯馃洕馃毄馃洏,0
馃毄馃殼馃洔馃殲馃槚馃櫆馃毀馃槚馃毝馃槨,1
馃殑馃泙馃檨馃槩馃櫒馃泩馃槙馃殺馃泧馃毝馃殦,0
馃櫞馃殼馃殦馃洅馃檷馃毐馃檶馃檻馃泚馃櫋馃泬馃毊,1
馃槸馃殙馃槓馃槩馃殟馃櫚馃毜馃槧馃泟,0
馃槙馃檰馃洆馃槫馃樋馃檼馃様馃槰馃毊馃樅馃櫔,1
馃殥馃槦馃槣馃殌馃槇馃泜馃櫄馃泚馃洀馃槤馃檼,1
馃槖馃櫇馃櫏馃泦馃洜馃槈馃洔馃槍馃毑馃殲,0
馃泙馃檨馃槪馃櫄馃槓馃櫁馃櫒馃槙馃櫓,1
馃槗馃殽馃洀馃洂馃毉馃槶馃檴馃檱,1
馃殲馃櫕馃樉馃槇馃槪馃櫔馃殣馃檲馃槆,1
馃洆馃檻馃櫋馃櫔馃槍馃泟馃洍馃殮,1
馃殢馃槖馃槒馃櫅馃檭馃殸馃泟馃櫠馃殫馃樅,0
馃泭馃櫊馃洐馃檭馃槵馃洈馃櫖馃櫣,0
馃櫌馃泿馃殌馃毢馃櫨馃泬馃槵馃殻馃殏馃槧馃殩馃毢馃殽,1
馃槩馃櫑馃槨馃泝馃槞馃洓馃櫅馃櫟,0
馃洉馃泚馃殢馃殣馃殏馃槇馃毃馃槳馃殱馃毌馃殗,0
馃槸馃槴馃殭馃洍馃檽馃檼馃檮馃檯馃毠馃槣,1
馃洝馃櫇馃檹馃毣馃櫊馃洔馃檵馃洃馃櫑馃檾馃櫦馃槫馃櫌,1
馃殯馃櫌馃檧馃殞馃洃馃泚馃洜馃毝馃槜馃殥馃殝馃櫆馃櫚,0
馃櫎馃殐馃槆馃檨馃櫉馃槻馃櫐馃櫀馃槵馃櫔馃槣馃洑馃泿,1
馃殶馃毀馃榿馃檾馃槻馃檧馃泦馃樆馃毥馃毘馃櫇馃樁馃泲,1
馃槂馃槩馃檾馃毟馃毠馃殗馃檵馃洏,1
馃櫧馃櫂馃殝馃櫂馃構馃洅馃櫊馃洈馃櫂,0
馃泴馃櫞馃櫌馃槚馃毜馃櫛馃殠馃毐馃毦馃殟馃樅,0
馃槷馃槙馃櫌馃殠馃殕馃槅馃殶馃洂馃槕馃櫀,0
馃殢馃毌馃槳馃殦馃槻馃槴馃毥馃殼馃毝馃檿馃樅,0
馃槖馃槧馃槄馃洖馃泝馃槞馃洃馃槢馃槧馃樆,0
馃槕馃毦馃泿馃槸馃槚馃毘馃櫇馃櫗,0
馃殯馃檾馃檰馃泹馃毝馃槰馃槀馃槰馃殌,0
馃洔馃洜馃櫗馃殜馃櫥馃槪馃毀馃洃,0
馃槅馃槄馃櫝馃槩馃泝馃槞馃槺馃檴馃槺馃殼馃洈馃樇,1
馃洍馃檸馃櫦馃檪馃毃馃櫚馃櫝馃櫄馃槴,0
馃殯馃泩馃樋馃櫂馃殐馃毉馃檰馃毘馃洍,1
馃泧馃櫉馃毃馃毟馃殞馃殙馃櫋馃殌馃檾馃殠馃槑,0
馃洏馃樄馃櫆馃殘馃泦馃洊馃櫡馃櫄,0
馃毝馃櫋馃槳馃樂馃槹馃檽馃槧馃檱馃槀,0
馃檴馃櫓馃毘馃泲馃櫨馃櫁馃殘馃櫡馃槜馃樉馃殙馃泧馃泜,0
馃泬馃櫉馃毆馃檱馃檲馃槵馃毜馃櫚馃洘馃櫉馃槣馃槮,1
馃櫀馃殏馃檧馃殤馃泚馃洘馃泿馃檧馃毦馃櫅馃泭馃洀,0
馃殤馃槒馃槙馃毜馃殻馃樉馃毆馃櫄馃櫧馃檰,0
馃檭馃洖馃櫙馃殣馃泹馃毦馃洆馃槜馃槻馃毢馃槦,1
馃殻馃槼馃槗馃殻馃毞馃毟馃櫣馃榿馃殯馃構馃泧馃槈馃槉,1
馃樆馃殯馃毑馃檿馃殱馃洃馃殐馃槢,1
馃毆馃泩馃洑馃櫇馃櫎馃槢馃櫡馃殏馃殨,1
馃毊馃櫗馃様馃毉馃殸馃檹馃毤馃樁馃殥馃泚,0
馃洓馃槏馃槀馃槹馃毟馃槳馃槜馃槸,1
馃殸馃殧馃毧馃槜馃槤馃洀馃櫁馃櫐馃殞馃槶,1
馃槒馃櫉馃殯馃洍馃殏馃槜馃櫒馃槝馃槝,0
馃槳馃槅馃殨馃櫐馃樇馃洃馃槖馃櫋馃槩馃櫛馃櫜,0
馃樈馃槚馃殥馃殽馃櫉馃檪馃櫅馃殕馃櫡馃櫙馃櫋,0
馃樃馃槞馃槡馃泭馃殏馃樀馃櫢馃樉馃泧馃殲馃櫅馃櫂馃槺,1
馃槷馃毐馃檸馃檨馃殕馃殽馃槙馃櫛馃殲馃櫕馃檯,0
馃檱馃槒馃槳馃泲馃槧馃槀馃櫕馃檵馃槰,1
馃槮馃毇馃槀馃檹馃櫕馃榾馃泤馃櫔,0
馃殌馃洘馃毤馃櫠馃槬馃槨馃槙馃檮,1
馃櫘馃檹馃櫥馃殨馃樄馃櫑馃毣馃檮馃檵馃櫟馃殩,1
馃樈馃櫟馃殣馃槨馃櫆馃槺馃洜馃檺,0
馃殏馃殱馃櫋馃槷馃様馃洂馃檿馃槝馃樈,1
馃槯馃泹馃檸馃檴馃殔馃洉馃樉馃槴馃殏馃殲馃毤馃槢,1
馃洑馃毘馃檨馃洓馃櫚馃殮馃櫓馃槨馃洑馃殞馃殩馃檮,1
馃毚馃槂馃槈馃樋馃殕馃槍馃檯馃櫋,0
馃樃馃檹馃檧馃泜馃殩馃毉馃槪馃槗,1
馃洝馃槵馃殑馃槖馃槺馃櫔馃檺馃毞馃殢,1
馃洑馃槚馃樆馃檮馃檰馃櫩馃殭馃檲馃殏馃殮馃槶,0
